news_body,news_source,news_thread,news_time,news_title,news_url,source_url
"
                    （原标题：习近平同塞内加尔总统萨勒共同出席塞内加尔竞技摔跤场项目移交仪式）
                ,
	,
	,
						,
						,
					,新华社达喀尔7月22日电 国家主席习近平22日在达喀尔同塞内加尔总统萨勒共同出席塞内加尔竞技摔跤场项目移交仪式。,习近平和夫人彭丽媛乘车前往摔跤场途中，数千名塞内加尔民众自发聚集在道路两旁热烈迎候，笙歌鼎沸，鼓乐齐鸣，抒发对中国贵宾到来的喜悦和对中塞友好合作的赞美之情。,习近平和彭丽媛抵达摔跤场时，萨勒和夫人玛丽梅在停车处迎接。入口处悬挂着习近平同萨勒大幅合影照片，引人瞩目。欢迎民众手持“中塞友谊源远流长”“中非友谊源远流长”横幅，表达塞内加尔人民对中国人民的深情厚谊。,两国元首夫妇观看项目图片展板并听取介绍。摔跤场内高挂“合作共赢 携手构建中非命运共同体”“真实亲诚 共同谱写中塞友谊新篇章”等大幅欢迎横幅。当两国元首夫妇共同步入摔跤场内时，掌声、鼓乐声、欢呼声雷动，当地民众和中方施工建设者挥舞中塞两国国旗，向两国元首夫妇热情致意。,仪式上，习近平向萨勒移交项目“金钥匙”。习近平和彭丽媛同萨勒夫妇共同观看塞内加尔传统竞技摔跤表演。表演结束时，两国元首夫妇走上前去，向运动员们挥手致意。,习近平指出，竞技摔跤场项目是中塞人民深厚友谊的生动写照。塞内加尔是文化之邦，中方愿同塞方一道致力于传统文化的保护和继承，促进两国文化交流合作。萨勒表示，竞技摔跤深受塞内加尔民众喜爱，被誉为“国粹”。我对中方为塞内加尔人民援建这一现代化、多功能摔跤场表示衷心感谢。它是塞中友谊新的标志。,塞内加尔竞技摔跤场位于达喀尔近郊，是中国在塞内加尔规模最大的援助项目，也是非洲首座现代化摔跤场。,丁薛祥、杨洁篪、王毅、何立峰等参加上述活动。",新华网,DNCCK46G00018AOQ,"
            2018-07-23 03:39:08　",习近平同萨勒出席塞内加尔竞技摔跤场项目移交仪式,http://news.163.com/18/0723/03/DNCCK46G00018AOQ.html,http://home.xinhua-news.com/rss/newsdetail/3334e5251f157cff/1532288347276
"
                    （原标题：南大一支教团在云南遭当地游民性骚扰，女生洗澡被偷拍传播）
                ,江苏广播电视总台新闻广播官方微博7月23日消息，23日早晨，南京大学支教类社团“彩云协会”的微信公众号上发布了一篇名为《关于南大彩云尖山支教队提前结束支教的声明》的文章。文中称：,
,自2018年7月13日南大彩云尖山支教队到达山顶小学，出现多起女队员被当地游民骚扰的事件。包括言语骚扰、行为骚扰、偷看换衣、偷内衣裤等。2018年7月22日，支教队发现当地游民申某偷拍女队员洗澡，并将偷拍视频传播。针对该起事件，当地公安已正式立案并处相关惩罚。为了避免此类性骚扰事件再次发生，并考虑到队员的安全问题，支教队决定提前结束本次支教项目。,消息发出后，江苏新闻广播记者第一时间与南大彩云协会社团的的一位同学取得联系，这位同学透露，本次对支教女学生实施性骚扰的游民中，有几位还是曾经参加过前几年支教夏令营的当地学生，这令他们倍感心痛。,据了解，南大这一支教项目已3年，有参加过支教活动的南大同学告诉记者，此前在当地除了生活条件艰苦外，整个支教过程还是比较愉快的，获得感也很多。发生这样的性骚扰事件，还是第一次。",澎湃新闻,DNDFT8JN0001899N,"
            2018-07-23 13:59:16　",大学支教团在云南遭民众性骚扰：女生洗澡被偷拍,http://news.163.com/18/0723/13/DNDFT8JN0001899N.html,https://www.thepaper.cn/newsDetail_forward_2285262
"
                    （原标题：智障少年在沈海高速徒步，手臂纹身显示手机号助警方找到家人）
                ,7月23日消息，一个男孩子迷路后走上高速，闻讯赶来的民警在他身上发现了一个奇怪的纹身……,事情发生在7月22日上午。当天9：55左右，温州高速交警一大队民警杨丽晓接到报警，说在G15沈海高速台州方向乐清湾高架桥位置，竟然有一个男孩徒步行走在高速公路上。,民警立即组织联勤联动力量进行寻找，11分钟后，男孩被路面施工人员找到，民警随后赶到将其带离高速公路。,杨丽晓问男孩叫什么名字，父母在哪。但这个男孩自己也说不清楚，存在一定的沟通障碍。当时男孩穿着短袖，杨丽晓发现他的手臂上有一串数字纹身。仔细一看，原来这串数字是一个手机号。杨丽晓猜测这是孩子父母的联系方式，于是立即拨打电话联系对方确认。,大约半小时后，孩子的母亲左某到达现场。她无奈地告诉民警，孩子是21日凌晨3点左右趁他们睡着，偷偷撬门跑出去的，他们到处找了一天：“幸好有你们帮忙找到，真的十分感谢。”,
,左某说，他们一家来自贵州毕节，到浙江乐清工作已经有3年了。孩子今年17岁，因为智力障碍以前就走丢过好几次，后来实在没有办法，只能把自己的手机号码纹在孩子的手上，以期望好心人到能联系到家人。纹身已经纹了两年多了，中间还因为换号码重新纹过一回。,孩子的妈妈用心良苦。不过，幸好现在是夏天，号码纹在孩子手上还算明显，要是冬天里，衣服都裹着，未必能及时看到。,温州高速交警提醒，正值暑假，希望父母们保护好自己的孩子，教给孩子一些交通安全常识。对于无法照顾自己的孩子，在避免他们独自外出的同时，可以采取佩戴安心手环等更有效的方式以便及时找到孩子。",澎湃新闻,DNEAOOEQ000187VE,"
            2018-07-23 21:38:00　",妈妈怕儿子走失在其手臂纹身手机号 旧号还被划掉,http://news.163.com/18/0723/21/DNEAOOEQ000187VE.html,http://www.thepaper.cn/newsDetail_forward_2287144
"
                    （原标题：女大学生救人遭质疑：规范面前生命最重要）
                ,
	,
	,
						,
						,
					,如果能把专业人员提出的意见作为一种改进的措施，不管对于丁慧还是对于更多的专业与非专业人员，都能提高急救水平，做到专业规范和精益求精。,7月19日，辽宁锦州南火车站，一81岁老人突然倒地不起。听到求助广播后，正在等车的锦州医科大学2016级护理专业学生丁慧立即冲到老人身边，跪在地上为老人进行心肺复苏（CPR）。最终老人恢复意识，并被送往医院。,事后丁慧婉拒了老人家属的酬谢，称“这是学医的应该做的。”但随后一些学医的专业人员认为丁慧急救行为不专业，至少是不规范，因而在网上引发了激烈争论。,有学医的网友总结了丁慧CPR不专业的几点表现。不过，也有专业人员为丁慧进行了辩护，也从专业上指出并不一定要拘泥于教科书，而要因应情况，变通抢救。其唯一的硬伤是，对老人做人工呼吸时，应该抬起老人的头（下巴颏），让气道充分开放，否则人工呼吸起不了多大作用或不起作用。,丁慧在接受采访时称，“幸运的是，几组心肺复苏后老人恢复了心跳和呼吸，我紧张的神经才稍稍放松下来”。如果没有丁慧的及时出手抢救，老人也许就不会苏醒。而丁慧因为紧张，忘记一些教科书的基本要求也在所难免，但其采取的急救措施还是起到了作用。,
,有人担心如果老人没有苏醒过来，丁慧是否会负法律责任，尤其是老人的家人是否会纠缠和索赔。2017年10月1日，新修改的《民法通则》正式实施，其中被称作“好人法”的184条规定：因自愿实施紧急救助行为造成受助人损害的，救助人不承担民事责任。,尽管有“好人法”，但并不意味着鼓励非专业人员和没有基本专业救护知识的人亲自上阵对伤病员进行抢救，最好的办法是打急救电话，让专业人员来进行抢救。,当然，如果能把专业人员提出的意见作为一种改进的措施，不管对于丁慧还是对于更多的专业与非专业人员，都能提高急救水平，做到专业规范和精益求精，这样才会让急救更有效，救活更多的人，同时也会在急救中减少病人无谓的痛苦。更何况，在现代文明社会本就应倡导全民都要学习急救技能和拥有急救常识！,张田勘（学者）",新京报,DNC7K50Q00018AOP,"
            2018-07-23 00:00:00　",女大学生救人被指不专业 媒体:规范面前生命最重要,http://news.163.com/18/0723/02/DNC7K50Q00018AOP.html,http://epaper.bjnews.com.cn/html/2018-07/23/content_726897.htm
"
                    （原标题：按摩店内醒来醉汉拒绝埋单 理由是""没感觉到服务""）
                ,广西新闻网-南国今报柳州讯 一名男子酒后去按摩店，在按摩时呼呼大睡，等到醒来的时候，却以“没感觉到服务”拒绝埋单。7月21日凌晨4时30分左右，在柳州市飞鹅二路一家按摩店内，该男子与店家发生了争执。红光警务站民警赶来处理，民警调看了监控视频，在证据面前，该男子才终于承认理亏。,据报警人戴先生介绍，这名客人凌晨3时左右来到店里，点了一套按摩推油服务，价格是139元，为他按摩的是技师覃女士。不过，在做完按摩后，客人却拒绝付钱，还在店内大吵大闹，影响了其他客人的休息。,
,民警向当事客人黄某了解情况时，闻到其身上有明显酒气。黄某坚称自己是清醒的，因为“没有感受到按摩服务”，所以不愿付钱，除非店家再帮他免费服务一次。,民警通过走访调查，并调看了监控了解到，原来黄某当日凌晨在附近跟朋友喝酒，喝完酒后不想马上回家，就去附近的按摩店按摩放松，到店后在包间内享受了一个小时的按摩推油，这个情况也有其他客人为证，之所以“没感觉到”，是因为他酒劲上头睡着了，当工作人员将他叫醒，拿账单给他签字结账时，他便开始大吵大闹。,在监控视频证据面前，黄某终于无法辩解，承认了自己的错误，然后自行和店家负责人戴先生处理结账事宜。",广西新闻网,DND83UE90001875P,"
            2018-07-23 11:43:06　",醉汉按摩推油后醒来拒绝埋单:没感到服务 再来一次,http://news.163.com/18/0723/11/DND83UE90001875P.html,http://www.gxnews.com.cn/staticpages/20180723/newgx5b5508fc-17501670.shtml
"
	,
	,
						,
						,
					,7月17日晚上，《今日视线》栏目播出了一则“脚踩肉丸”的新闻，引起了不少市民的关注。新闻播出后，龙湖食药监部门立即行动，对这家麻辣烫小吃店存在的卫生安全问题予以严肃处理。,市民陈先生是一名兼职的外卖送餐员。最近，他来到市区陈厝合宁和街的一家麻辣烫小吃店接单，无意中看到了一名小孩子“脚踩”肉丸的一幕。,陈先生说：“小孩就坐在椅上玩手机，双脚踩在肉丸上当作垫脚，又垫又踩。时间持续十五分钟，这个过程中因为这家店生意太好，商家在工作的过程中看到小孩这样做，也没有去阻止他。”,新闻播出后，“脚踩肉丸”行为立即引发社会各方的关注，大家纷纷予以谴责，并希望相关部门加强对外卖商家的食品安全监管，让消费者吃得放心。,有网友说，太恐怖了，希望有关部门可以认真对待予以查处。,网友在海一方说，好恶心，这样的小店应该取缔掉，食品卫生第一关就过不了。,新闻播出后，龙湖区食药监部门也迅速采取行动，责令这家小吃店立即停业整顿。,龙湖区食品药品监督管理局副局长郑武林说：“我们迅速组织人员对该店进行检查，同时我们也对食物进行检测，从检查出的问题，我们立即责令这个店面停止营业，并做后续的查封。”,据经营者苏某介绍，他接手这家麻辣烫店才不到2个月的时间。对于孩子脚踩肉丸一事，他也予以承认。,经营户苏某说：“小孩是我儿子，他放假了，早上在这里吃完早餐，在这里搞一下学习玩一下手机，我当时在忙没有注意到，那个时候在忙，没有关照他，他也是随意，不是故意的，脚放在那上面一下。”,检查人员发现，这家小吃店还存在从业人员缺乏健康证、食物储存不规范、配套设施不完善、操作不合格等问题。职能部门还组织第三方监测机构，对小吃店的食品原材料进行检测。,龙湖区食品药品监督管理局生产流通管理股股长成春喜说：“我们也组织了检测人员进行了现场的抽检，抽检的内容是他们的食材，包括肉丸还有一些肉制品。”,目前，龙湖区食药监部门已查封了这家小吃店，下一步，他们将根据调查检测的情况，依法依规作出处罚。食药监部门也呼吁广大的食品经营户要遵纪守法，确保食物安全卫生。,经营户苏某说：“针对这次事故，我向汕头人民道个歉。接下来对我的孩子该管教得严一点，还有把该整顿的员工、健康证、卫生等问题都搞得好一点，要改进，让这些人吃得放心。”,对此，有市民说：“实际上对人身体不健康就不好了，你们查得好，健康最重要。”,在全社会高度关注食品安全问题的今天，“脚踩肉丸”一事一经播出，就引发广泛关注。对于经营户苏某的道歉，不知大家能否接受呢?小编想说的是，作为一个食品经营者，苏某最应该做的，不止是孩子的管教问题，还有食品安全问题。只有在顾客看不见的地方下功夫，确保食品安全卫生，这才是良心商家。此外，职能部门还应继续加大监管力度，促进外卖业规范发展，才能让消费者真正放心。,爆料的外卖小哥同时还提供了一份他拍摄到视频。从画面中可以看到，狭小昏暗的空间内，加上取餐小哥一共站了四个人，加工人员没有穿着任何卫生装备，食材和厨余垃圾随意摆放。随后，记者在孟营老市场找到了这家某秒烤肉拌饭店。,厨房内，一只脚与一大桶米线亲密接触――6月21日，微博上爆出的照片让网友震惊。报料人称，这是辽宁大连一家美团外卖黑作坊，位于和平广场附近。“脚+米线”触及众多网友的底线。这张照片是真是假？记者展开调查。,6月13日，苏州陈女士称，她发现一位外卖小哥取得一份外卖后，拿到电动车旁，取出米饭往里面吐了一口痰。陈女士看后表示太恶心，给她带来极大的心理阴影。",汕头电视台,DNCT75NI0001875P,"
            2018-07-23 08:32:37　",外卖小哥取餐见店主孩子脚踩肉丸 拍照取证并曝光,http://news.163.com/18/0723/08/DNCT75NI0001875P.html,#
"
                    （原标题：女大学生云南支教遭游民性骚扰 官方：嫌疑人17岁，已抓获）
                ,
	,
	,
						,
						,
					,7月23日，南京大学彩云支教队发布声明称在云南省昭通市镇雄县支教过程中，部分女队员受到当地游民性骚扰，不得不提前结束支教活动。7月23日下午，北京时间记者从镇雄县有关部门获悉，嫌疑人已被警方抓获，目前正在进一步调查。,据南大彩云支教团的招募广告介绍，该团是挂靠在南京大学公益学院的一个公益性组织，每年会招募一些志愿者前往云南省镇雄县进行支教活动。目前，该支教团的志愿者每年都要在镇雄县尖山乡山顶小学进行支教活动。,7月23日，南大彩云支教通过官方微信公众号发布了“关于南大彩云尖山支教提前结束支教的声明”，内容为“远山‘鲸’彩――南大彩云尖山支教队现决定于2018年7月23日提前结束于云南省镇雄县尖山乡尾坝村山顶小学的支教项目。自2018年7月13日南大彩云尖山支教队到达山顶小学，出现多起女队员被当地游民骚扰的事件，包括言语骚扰、行为骚扰、偷看换衣、偷内衣裤等。2018年7月22日，支教队发现当地游民申某偷拍女队员洗澡，并将偷拍视频传播。针对该起事件，当地公安机关已正式立案并处相关惩罚。为了避免此类性骚扰事件再次发生，并考虑到队员的安全问题，支教队决定提前结束本次支教项目。”,7月23日下午，北京时间记者就此事致电镇雄县尖山乡政府咨询，该乡乡长赵某证实了此事，并表示性骚扰女支教队员的男子已于7月22日晚间被尖山派出所抓获，初步审讯获悉，该男子现年约17周岁，并非学生，系辍学后的无业青年。赵乡长表示，政府已要求派出所依法依规严厉打击，坚决惩处这种行为。,2018年7月22日，支教队发现当地游民申某偷拍女队员洗澡，并将偷拍视频传播。,支教同学透露，本次对支教女学生实施性骚扰的游民中，有几位还是曾经参加过前几年支教夏令营的当地学生，这令他们倍感心痛。",北京时间,DNDM7EEH0001899N,"
            2018-07-23 15:49:41　",女大学生云南支教遭游民性骚扰 官方:抓获17岁嫌犯,http://news.163.com/18/0723/15/DNDM7EEH0001899N.html,https://item.btime.com/34pskaurdlo8e3bdjl3ab8lk2os
"都说娱乐圈花无百日红，可能谁都没有想到，3unshine 能走到今天这一步。,在《创造101》初选全员离开后，她们没有像网友所预想的那般直线过气，而是持续活跃在大众视野中。就在上周，3unshine 还发布了新单曲《你姐》，为即将上映的电影做推广。,相比于《我要做你女朋友》发布时的群嘲，这次的《你姐》收获更多的是“编曲炸裂好听”这样的评价。前阵子在评论区实名 diss 副歌有乡土味的，这两天也已经被魔性抓耳的“叫我姐姐叫我姐姐叫我姐姐”洗脑，只能说这饭真香。,作为“审丑时代”的过来者，凤姐、庞麦郎等“网红”逐渐被大众所遗忘，只有3unshine 依旧火到了现在。,去年劳动节发布的单曲《朵蜜》，得到了8.5的豆瓣高分；今年5月发布的《3Q》，更是冲上了 iTunes 华语榜第四。和以往或看热闹或嘲笑的观众不同，现在的 3unshine 有一种奇异的吸粉力。,为什么会有人喜欢 3unshine ？面对这三位自身硬件和水准似乎不足以成团的女孩，大多数网友仍抱有疑问。不少真爱粉对此表示，pick 她们的原因其实很简单：,长相和身材最受网友诟病的 Cindy，没有受挫于铺天盖地的恶评，而是活出了鲜明的个人特色。擅长淋语、在微博上公开支持 LGBT 群体的她，现在颇有一股能 slay 全场的欧美 diva 风。,被网友戏称为“死亡歌姬”的 Dora ，也大方承认了自己的弱节奏感和五音不全。她把方言腔普通话和大走音融进了作品里，反而盘活了整首歌，使其丰富有趣。,队长 Abby 更是在接受《透明人》访谈时直言梦想：“就十个人里面，肯定有七八个人都想过当艺人，只是不敢说、不敢做。人总是要做几次自己都想不到的事情。”,和其他人一样，她们也想站在舞台上闪闪发光。,3unshine?的存在是不可复制的，从低到不能再低的起点开始，她们的成长肉眼可见。让人眼前一亮的歌曲编排，在舆论中千锤百炼的讨喜人设，再凸显出养成概念，就足以让网民们从黑转粉。,这便是她们不同于过去“因丑出道”而被全网喷的 sunshine 之处，她们用独特的艺术人格表达了自己的决心――,在这个无论什么都能被重新定义的时代，没有什么不可能，谁都可以成为偶像。,两个月前，被扒出白瘦美时期照片的王菊，在接受《创造101》采访时表示：,被网友调侃为“最不女团的存在”的她，不仅用个人魅力和节目表现打动了全民制作人，也让网民们在“陶渊明”浩浩荡荡的土味追星潮流中，清楚感受到大众审美趋势的多元化。,而在第24季全美超模大赛中，患有全身性秃发病的选手 Jeana Turner 在评委的鼓励下，明白了,。她最终摘掉了假发，学会正视失去头发的自己。,?,即使没有秀发加持，她的造型和表现力也同样得到了评委的一致好评。,渡边直美则是在偏离主流审美的偶像中，最为典型也最出色的那一个：身高157厘米、体重过200斤的她，在 ins 上有810余万粉丝，是当之无愧的日本 top 级网红。,即使是靠模仿偶像出名的搞笑艺人，她也从不畏缩做自己。她自创的时尚品牌，主打 Hip-Hop 结合糖果风的服饰，为像她这样的肉感女孩提供更时尚的穿搭选择。,不管是亮眼大胆的穿搭，还是搞怪奔放的妆发造型，她都能够用自信的姿态轻松驾驭。她似乎在用自己的身体力行告诉全世界：即使身材不够完美，她也依旧能美到一塌糊涂。,对粉丝来说，渡边直美在镜头下展现的率性和真实才是最迷人的地方。她从不掩饰自己的优缺点，也不仅仅是“借肥发挥”，完全解放自我的她，举手投足之间都散发着个性魅力。,总结下来，不管是尚在起步阶段的 3unshine，还是综艺、演绎事业全面开花的渡边直美，这些偏离主流审美的偶像都有一个共性，那就是――做最真实的自己。,当大多数人对女性偶像的定义还停留在“白瘦美幼秀”上时，崇尚经济独立、精神独立的王菊表示“我的信条就是做自己”，3unshine 也把彰显 girl power 的“规则就是听我指挥”编进歌里。,“只要一点点的怒意和勇气，就能打破自己的外壳”。正如渡边直美所言，偏离主流审美的偶像的出现，并不只是对主流审美的反叛、对个性化美的追求，更是对自己的肯定和超越。,日剧《东京女子图鉴》中，一个中年发福的女人看着身穿超短裙的偶像少女说道：“年轻漂亮、苗条的女孩子可以给人勇气吗？像我这样的女人，穿着超短裙跳舞，那才叫勇气吧。”,或许当我们不再用既定的框架挑剔他人和作茧自缚，才能看到自己身上更大的未知与可能。,
",网易王三三,DNEI9QAI0001885B,"
            2018-07-24 00:00:19　",你花了多少年，才喜欢上自己真实的样子？,http://news.163.com/18/0724/00/DNEI9QAI0001885B.html,#
"
                    （原标题：习近平抵达基加利开始对卢旺达共和国进行国事访问）
                ,
	,
	,
						,
						,
					,新华社基加利7月22日电（记者吴志强　吕天然　王卓伦）22日，国家主席习近平抵达基加利，开始对卢旺达共和国进行国事访问。,当地时间晚8时50分许，习近平乘坐的专机抵达基加利国际机场。习近平和夫人彭丽媛步出舱门，受到卢旺达总统卡加梅和夫人珍妮特等热情迎接。盛装的礼兵精神抖擞，向尊贵的客人行注目礼。卢旺达少年向习近平和彭丽媛献花。卡加梅向习近平和彭丽媛介绍卢方其他迎接人员。身着靓丽民族服装的当地民众跳起欢快的迎宾舞，敲响喜庆的非洲鼓，热烈欢迎中国贵宾到来。,两国元首夫妇进行了亲切友好的交谈。习近平向卢旺达政府和人民转达中国政府和中国人民的诚挚问候和良好祝愿。习近平指出，我这次访问是中国国家主席首次访问卢旺达。我一踏上卢旺达的土地，就深深感受到卢旺达政府和人民对中国人民的友好情谊。中国和卢旺达虽然相距遥远，但两国关系传统友好，两国人民友谊深厚。建交47年来，双方坚持真诚友好、平等相待，中卢关系始终健康稳定发展。去年3月卡加梅总统访华期间，我们就中卢关系和互利合作深入交流，达成的共识正在得到全面有效落实。两国元首一年多时间里成功实现互访，充分体现了双方对发展中卢关系的高度重视。卡加梅总统还担任非洲联盟轮值主席，我期待同卡加梅总统就新时期双边关系发展、中非合作以及共同关心的国际和地区问题深入交换意见。相信这次访问一定能够以丰硕成果造福两国人民。,卡加梅代表卢旺达政府和人民热烈欢迎习近平主席对卢旺达进行国事访问，预祝访问圆满成功。卡加梅表示，我对去年访华记忆犹新，我们的会谈富有成果。相信习近平主席这次访问必将进一步增进两国友好合作。,丁薛祥、杨洁篪、王毅、何立峰等陪同人员同机抵达。,中国驻卢旺达大使饶宏伟也到机场迎接。,习近平是在结束对塞内加尔国事访问后抵达基加利的。离开达喀尔时，习近平出席塞内加尔总统萨勒在机场举行的欢送仪式。习近平和彭丽媛抵达机场时，萨勒和夫人玛丽梅在停车处迎接。两国元首夫妇一同前往停机坪。两国元首登上检阅台。军乐队奏中塞两国国歌。习近平在萨勒陪同下检阅仪仗队。习近平和彭丽媛同塞方送行人员道别。萨勒夫妇同中方陪同人员道别。,两国元首夫妇在舷梯旁亲切话别。习近平表示，感谢塞方为这次访问作出的特殊周到安排。访问非常成功、令人满意，不仅氛围热烈，也很高效务实。相信此访将有力推动中塞关系发展。萨勒表示，十分荣幸接待习近平主席来访。这次访问取得圆满成功，成果丰硕。我期待未来能同习近平主席经常见面。,卢旺达是习近平这次出访的第三站。习近平还将对南非进行国事访问，出席在南非约翰内斯堡举行的金砖国家领导人第十次会晤，过境毛里求斯并进行友好访问。",新华网,DNCPT34A000189FH,"
            2018-07-23 07:34:41　",习近平抵达基加利开始对卢旺达国事访问,http://news.163.com/18/0723/07/DNCPT34A000189FH.html,http://www.xinhuanet.com
"
                    （原标题：登封2万多斤西瓜一夜之间全被砍烂 民警：案件已有突破）
                ,
	,
	,
						,
						,
					,7月1日，大河客户端报道了登封市卢店镇杨岗村瓜农王彦明家种的2亩西瓜被砍一事，引起社会各界的广泛关注。大家在痛恨砍瓜者心狠手辣之时，对受害瓜农表示了深深的同情。如今，事情已经过去了20多天，王彦明一家现在的情况如何?砍瓜的凶手抓到了吗?7月23日上午，记者再次赶到王彦明家进行了采访。,7月23日上午9时30分，记者在登封市卢店镇杨岗村一组北边的农田里，见到了正在瓜地里忙活的王彦明。他说，由于地里靠近路边瓜棚的地方，有一小片的西瓜没被砍烂，如今个个已经长到了15斤左右，他没事的时候，就到瓜地里看着，遇到有人到地里买西瓜的，他就按每斤6毛钱卖上一两个。,记者发现，以前被砍的西瓜在事发后不久，就被王彦明从瓜殃上摘下来，分成堆儿放在地里。如今，这一堆堆的被砍西瓜，已经腐烂得只剩下一层干皮，让人很难与那些翠皮红瓤的新鲜西瓜联系在一起。,""你看看，俺这地里被砍的西瓜，现在都沤成肥了，可是凶手到现在还知道是谁呢?""王彦明蹲在瓜田里，掀起一片片沤烂的瓜皮，百感交集。他告诉记者，自从6月30日上午发现自家的西瓜被人砍烂报警后，他和家人都迫切希望警方能够早点帮他们抓住凶手，给他们一家讨个说法。,据王彦明讲，2亩地的西瓜被砍后，他和家人在社会各界的关心下，很快从绝望中走出来，重新振作，开展生产自救。为了帮他们抓凶手，登封市公安局的领导和办案民警曾先后多次到他的家里和地里进行调查和勘查，这令他十分欣慰。然而，只要凶手一天没有抓住，他和家人就无法正常平静地生活。,""我不知道凶手是谁，如果警方不抓住他(她)，这些人在暗处，我在明处，俺以后再种西瓜，凶手很可能还会出来搞破坏，一想到这儿，我心里就特别害怕。""王彦明说，今年已经算是白辛苦了，不能再让明年的血汗付之东流。,上午10时许，记者跟随王彦明一起，来到登封市公安局刑侦二中队。王彦明找到办案民警后，询问凶手是否抓住?民警回复说案件已经有了突破，正在侦办过程中，劝王彦明回去耐心等待，一旦案件侦破，将会及时通知他。,
,因办案民警说目前案件仍处于侦破阶段，不便接受媒体采访，记者随即与王彦明一起，离开了刑侦二中队。王彦明告诉记者，自从种的西瓜被砍后，他隔三差五就会来到这里打听情况，问问凶手抓到没有，这20多天里，他经常做梦，梦到警方抓到了凶手。,""这件事已经成了我和家人的心病。""王彦明希望，警方能尽快破案，为他抓住凶手，讨还公道。",大河报,DNDRB3240001875P,"
            2018-07-23 17:19:03　",瓜农2万多斤西瓜一夜之间全被砍烂 案件已有突破,http://news.163.com/18/0723/17/DNDRB3240001875P.html,http://www.dahebao.cn/news/getDetail?type=1&cur_head=0&id=5b558f54d1114470678141&eventId=35&columnType=1
"
                    （原标题：浙江大一女生在成都失联，家属称收到其亲笔信流露轻生念头）
                ,浙江传媒学院大一女生黎旋在暑期社会实践地四川成都失联，失联前将手机等随身物品以及一封有轻生念头的亲笔信快递给在浙江宁波工作的堂姐。,“7月22日下午收到她从成都寄来的快递，看到信，很担心她做傻事。”堂姐小慈（化名）23日下午告诉澎湃新闻，堂妹身上应该只有身份证和少量现金，不知道情况怎么样，她和黎旋爸爸已赶到成都并报案。澎湃新闻从金牛区公安分局天回派出所获悉，警方已立案调查。,黎旋1998年生，身高1.56米，戴黑框眼镜，齐刘海短发，是浙江传媒学院管理学院会展专业学生。,据小慈介绍，黎旋的老家在贵州独山县，父母在宁波慈溪市工作20多年，她和弟弟都在慈溪出生、念书，“前不久她妈有事回老家，7月初放假后，她也带着弟弟回老家，呆了几天后独自前往成都金牛区的大熊猫繁育研究基地，和同学一起参加社会实践。”,据了解，黎旋15日从独山县坐火车前往成都，16日和其他5个同学会合，住在金牛区互助佳园一个民宿里，16日~19日与同学在熊猫基地社会实践。,“19日社会实践结束后，我们商量一起吃顿晚饭，然后各自回家，黎旋说已经订好20日回宁波的火车票，回去前想去成都一个亲戚家，不参加了。当天还有一个同学身体不舒服，也没参加，她说看到黎旋带着行李出门，说了句‘我出去了’，其他没说什么。4天社会实践中，也没发现她有异常。”一位同学告诉澎湃新闻。,
,小慈说，她和妹妹一起长大，关系不错。妹妹只是偶尔抱怨读书累、压力大，其他没什么特别情况，“我和她最后一次通话是16日晚上，她说刚到成都，和同学住下来。”,22日，小慈收到黎旋寄来的快递，内有手机、充电器、钱包、银行卡等物品，还有一封手写信，信中流露出轻生念头，小慈立即告知黎旋父亲，并一起乘坐当晚的飞机赶往成都。,小慈告诉澎湃新闻，警方调取监控后发现，黎旋19日18点多离开民宿时带着一个中等大小的绿色行李箱和黑色皮质单肩包，19时半出现在民宿附近的申通快递公司寄件点，穿着黄色短袖T恤、粉蓝色格子裙，“公安部门正在调取更多的监控视频，希望能尽快找到妹妹。”",澎湃新闻,DNDRLBLN000187VE,"
            2018-07-23 17:13:00　",浙江大一女生失联 家属称收其亲笔信流露轻生念头,http://news.163.com/18/0723/17/DNDRLBLN000187VE.html,http://www.thepaper.cn/newsDetail_forward_2285898
"
                    （原标题：四川北川平武遭遇狂风 部分乡镇停电农房受损）
                ,23日下午，四川绵阳北川、平武等地的部分乡镇遭受狂风袭击，街道停电、农房受损。,23日15时56分，北川气象局发布大风黄色预警信号，乡镇立即启动应急预案应对9级大风。在北川安昌、永安、擂鼓等乡镇，大风持续半小时，部分农房的瓦片被掀翻。预计未来72小时，北川部分地方仍将出现8到9级阵性大风，并伴有强降水、雷电等强对流天气。,
,在平武县，平通镇、响岩镇风灾最为严重，最大风力为8级。 大风造成平通镇街道停电，多处农房屋顶、瓦片被掀飞，部分电线杆和树枝被折断。目前，北川、平武的灾情正在进一步统计，暂未收到人员伤亡报告。",央视新闻移动网,DNE9IPE80001899N,"
            2018-07-23 21:27:55　",四川北川平武遭遇8级狂风 瓦片掀飞电线杆被折断,http://news.163.com/18/0723/21/DNE9IPE80001899N.html,http://m.news.cctv.com/2018/07/23/ARTIrgOvKlLaIqXlAXed0Mv2180723.shtml
"
                    （原标题：公安机关对长春长生生物科技有限责任公司生产冻干人用狂犬病疫苗涉嫌违法犯罪立案调查）
                ,新华社长春7月23日电 记者从长春市长春新区公安分局了解到，7月23日15时，长春市长春新区公安分局依据吉林省食品药品监督管理局《涉嫌犯罪案件移送书》，对长春长生生物科技有限责任公司生产冻干人用狂犬病疫苗涉嫌违法犯罪案件迅速立案调查，将主要涉案人员公司董事长高某芳（女）和4名公司高管带至公安机关依法审查。,目前案件相关工作正在抓紧进行中。,
,国家药监局已责令长春长生生物科技有限责任公司停止生产，收回药品GMP证书，召回尚未使用的狂犬病疫苗。国家药监局会同吉林省局已对企业立案调查，涉嫌犯罪的移送公安机关追究刑事责任。",新华社,DNDVSEMQ0001899O,"
            2018-07-23 18:38:26　",警方对长春长生立案调查 董事长和4名高管被带走,http://news.163.com/18/0723/18/DNDVSEMQ0001899O.html,http://xhpfmapi.zhongguowangshi.com/vh500/#/share/4021686?channel=weixin 
"
                    （原标题：女子宠物狗被轧死 怒骂司机推搡民警被行拘）
                ,中新网嘉兴7月23日电 近日，在浙江嘉兴，一只宠物狗不幸被一辆出租车轧死，主人夫妇情绪崩溃，猛踹出租车，把司机的脖颈处抓出多道血痕。“我今天就要死在你面前，‘妞妞’就是我的孩子，我的精神支柱，我活下去的勇气！现在被你撞死，你要给我偿命！”,23日，记者获悉，因殴打他人、故意损坏公私财物、妨碍警察依法执行职务，这对夫妇分别被警方处以行政拘留7天和5天的处罚。,夫妇是刘某和曲某，事发前不久，刚刚花了3000块钱给宠物狗“妞妞”医治。,“它对我来说，就像自己小孩。”女子刘某说。当天她们夫妇出门遛狗，“妞妞”一路快跑下楼，正巧钻进了路过出租车的车轮下，当场命丧车轮。,事发后，刘某情绪崩溃：“我睡眠不好，它天天陪着我。”,刘某径直走到出租车驾驶室外，大声哭诉，指责司机。出租车司机莫某见状，慌忙拨打了110。刘某和丈夫曲某见司机没有下车，只是打电话，情绪更加激动，夫妻俩掰弯了出租车的车牌，还猛踹出租车。在拉扯中，司机莫某的脖颈处被抓出多道血痕，衣服也被扯破。,“这个小狗跑到车前面是没看到，是窜到我左后轮那里轧到的，他们这么激动，我肯定坐在车里先报警，等警察过来，我百分之百没动手。”司机莫某表示。,
,民警赶到现场后，刘某抱着小狗的尸体瘫坐在出租车前，向民警控诉。民警掌握情况后，初步认定是一起交通意外，建议刘某夫妇通过协商解决问题，夫妇俩闻言后情绪更加激动。,“我不缺钱，我要他偿命！”刘某说罢爬上出租车的引擎盖，折断了车窗上的一根雨刮器。,民警立刻上前制止，可刘某将怒火倾泻在了民警身上，推搡起民警。随后刘某和曲某夫妇被带到派出所。,“这本来是一起比较典型的交通意外。所谓交通意外，是指行为人的行为虽然在客观上造成了损害结果，但不是故意或者过失造成的，而是出于不能抗拒或者不能预见的原因。关于赔偿的问题都有相关的法律来支撑，采取这样过激行为实在得不偿失。”管辖该片的嘉兴市建设派出所指导员郭志蔚表示。",中国新闻网,DNE32TGJ0001899N,"
            2018-07-23 19:34:24　",夫妇宠物狗被轧死要司机偿命 推搡警察双双被拘,http://news.163.com/18/0723/19/DNE32TGJ0001899N.html,http://www.chinanews.com/sh/2018/07-23/8576604.shtml
"
                    （原标题：迪士尼小熊遭打头 涉事游客被要求立即离园）
                ,
	,
	,
						,
						,
					,7月21日15:37，有网友通过微博发布了一段视频，显示上海迪士尼一位扮演“雪莉玫”的演员，被一名男性游客拍打头套。“砰”的一声后，扮演“雪莉玫”的演员当场捂头被扶进休息室。,看看新闻Knews记者今天从上海迪士尼获悉，该名游客已在当天被要求立即离园，且被禁止在未来六个月内再次入园。,上海迪士尼希望游客在游园过程中遵守各项游客须知，并尊重其他游客和每一位演职人员。类似该名游客的不当行为不会被接受。同时感谢其他游客对演职人员表达的关心。,迪士尼这个充满梦幻的地方是许多孩子的乐园。但最近有网友爆料称，上海迪士尼伙伴“花栗鼠蒂蒂”，在园区遭到游客“拍”伤致轻微脑震荡。",看看新闻Knews,DNDUPC2N0001899N,"
            2018-07-23 18:19:17　","上海迪士尼""小熊""遭打头 涉事游客被要求立即离园",http://news.163.com/18/0723/18/DNDUPC2N0001899N.html,http://www.kankanews.com/a/2018-07-23/0038524743.shtml
"
                    （原标题：台官员苦求美国支持 称大陆可一夜之间""武统""台湾）
                ,台当局又向美媒“告洋状”了。据台媒报道，台外事部门负责人吴钊燮近日接受美媒专访时声称，若台当局缺乏美国的军事支持，台湾将难以抵挡中国大陆的“武力攻占”。,据台湾《中时电子报》报道，吴钊燮在接受美国有线电视新闻网（CNN）采访时声称，台当局“感受到近年与美国关系越来越巩固”，并称美国持续在外事及军事上“支持台湾”。他鼓吹道，“（若）台湾无法获得美国支持，大陆会视此为台湾弱点，就会进一步思考下一步剧本，即他们有能力‘攻占’台湾。”他还强调，台当局试着与美国在安全上合作，以“避免大陆可一夜之间攻取台湾。”,对于所谓台湾可能成为中国大陆与美国之间的“筹码”，吴钊燮声称，在特朗普政府下，台当局很高兴“台美关系”发展紧密，并称白宫告诉台当局他们相信“台湾是无法被交易的”。,此外，主持人问到，蔡英文是否会带领台湾走向“独立”？吴钊燮回应称，蔡英文“致力于与对岸维持现状”。对外关系方面，他则声称台当局“并没有准备零‘友邦’”。,此前据台湾《中国时报》报道，依据台军最新修订的“台海防卫作战计划”，一旦两岸“兵戎相见”，台澎金马防卫作战要全靠台军，“美军不提供一兵一卒”。另据《联合报》报道，蔡英文今日（23日）在台东对此回应称，“不同情境下的冲突，相关各方如何反应，不会就是必然的情况，维持区域和平稳定，是大家共同的责任。”她还声称，她会“尽最大力量防卫台湾，有效吓阻对方任何军事的企图心与行动。”,对于“美方不会为台而战”议题，台防务部门23日则回应称，坚信“自助而后人助”，叫嚣“防务安全必须掌握在自己的手中”，并称台军“坚定自我防卫决心及力量，戮力建军备战”，扬言“使‘敌’忌惮高昂的战争成本，不敢轻启战端，产生吓阻效果，有效发挥总体战力，迫使‘敌’任务失败。”,
,美国近日在所谓“台美军事交流”上小动作不断，频打“台湾牌”。继美国参议院通过新版“国防授权法案”、建议“美军适当参加台湾军演”之后，台媒23日还报道称，台军方高层透露，美国国民警卫队拟9月份正式邀请台军成为美国国民警卫队年会会员。,对此，国防部发言人吴谦6月28日严正回应：台湾是中国的一部分，我们坚决反对任何国家与台湾开展任何形式的官方往来和军事联系，这一立场是清晰明确的。需要强调的是，挟洋自重没有出路，以台制华注定徒劳。我们要求美方慎重处理涉台问题，不要“搬起石头砸了自己的脚”。",海外网,DNE9UN1M0001899N,"
            2018-07-23 21:34:26　","台官员苦求美国支持 称大陆可一夜之间""武统""台湾",http://news.163.com/18/0723/21/DNE9UN1M0001899N.html,http://m.haiwainet.cn/middle/3541093/2018/0723/content_31359647_1.html
"
                    （原标题：中国给斯里兰卡20亿搞建设？外交部:没附政治条件）
                ,：2018年7月23日外交部发言人耿爽主持例行记者会。,记者问：据报道，斯里兰卡总统西里塞纳21日称，中方愿提供20亿人民币用于斯方建设任何项目。中方能否证实？中方提供这笔款项的目的是什么？,
,：中国和斯里兰卡传统友好。长期以来，中国在南南合作框架下，根据斯方发展需求，向斯方提供力所能及的援助，建设住房、医院、道路等民生项目，服务当地经济和社会发展。有关援助不附加任何政治条件，面向并造福斯里兰卡全体人民。",央视新闻移动网,DNDU83D60001899N,"
            2018-07-23 18:09:51　",中国给斯里兰卡20亿搞建设？外交部:没附政治条件,http://news.163.com/18/0723/18/DNDU83D60001899N.html,http://news.cctv.com/2018/07/23/ARTISdEqQevSMYyBsOYBDC2V180723.shtml
"
                    （原标题：官方回应“海关女关员穿吊带装工作”：正要离开，已批评教育）
                ,近日，一张海关女性工作人员身穿吊带装，在海关行政审批受理窗口办理业务的图片在网上流传。,7月23日下午，澎湃新闻从南宁海关办公室工作人员处获悉，上述情况发生于7月6日，在南宁海关隶属的防城海关，一名当事女关员因急事请假正欲离开时，有企业报关员到达办事窗口，之后，当事关员接待了报关员并进行业务办理。该当事关员现已被严肃批评教育。,广西媒体《南国早报》23日报道称，近日，一名网友发布微博时这样写道，“改进窗口工作作风吗？海关真是走在前列线（网友原话）”，同时还配发了一张在海关行政审批受理窗口，一名女性工作人员穿着吊带装办理业务的照片。当时这名网友觉得这名工作人员穿得太过“清凉”，不应该是一个行政部门窗口岗位人员应有的形象。原博中对图片并未打码，后来迫于网友压力，博主最终换成打码图片。微博发出后，引起许多网友关注。,有网友解释说，该工作人员如此着装事出有因，并补充了一份拍摄者发给防城海关的情况说明。情况说明落款是一名李姓男子。李姓男子表示，7月6日上午，他在联检大楼二楼稽查科企管窗口，在不知情的情况下对受理业务的关员穿着便装在岗上班产生质疑，并拍下照片发送至微信群，问朋友公职人员是否可以穿着便装上班，后照片被转发。他对此造成的影响向防城海关致歉。,澎湃新闻23日从南宁海关办公室工作人员处了解到，7月6日，防城海关注意到在微信上传播有该海关关员在现场窗口服务时着装不规范的照片。看到微信传播的图片后，防城海关立即对当事关员、现场带班科长及有关人员进行了详细询间，认真核查现场监控视频，确认该情况属实。,防城海关近日作出的情况说明称，7月6日上午，防城海关当事关员因有急事向带班科长请假外出办理并得到带班科长同意，换着便装即将离开办公区时，某企业报关员到达现场办事窗口，向该当事关员咨询相关业务。当事关员立即接待了该报关员，并核对文件进行了办理。,核实情况后，防城海关按照海关有关管理规定，采取措施迅速处置：当天立即对当事关员进行严肃批评教育，责成当事关员和科室负责人作深刻自我检查；同时对照海关管理相关规定迅速对该关业务现场开展自查整顿，严明工作纪律和工作要求。对此事，防城海关将深刻汲取教训、举一反三，进一步规范管理。,至于防城海关所采取处置措施依据的是哪项管理规定，7月23日下午，南宁海关办公室工作人员表示，“能回复的都写在情况说明里”。,
,澎湃新闻从海关总署官网公布的《海关工作人员着装管理规定》了解到，海关工作人员于下列场所工作或公务活动时应当着海关制服： (一)总署机关、分署机关、特派员办公室、各直属海关、院校、隶属海关和办事处办公场所工作时；(二)关境通道、港口、码头、机场、车站、邮局等海关作业现场工作时。 (三)执行稽查等外勤任务时。(四)接受中央、省市及总署领导接见、检阅和参加授衔、宣誓、重要会议等重大活动时。(五)参加涉外礼仪活动时。 (六)根据情况和其他需要着装的场合。,《海关工作人员着装管理规定》是为加强准军事化海关纪律部队建设，规范海关工作人员着装行为，提高海关内务管理水平，树立海关良好形象，根据《中华人民共和国海关法》和《中华人民共和国海关关衔条例》等有关规定所制定的。",澎湃新闻,DNE1S21T000187VE,"
            2018-07-23 18:46:00　",海关女关员穿着吊带装工作 官方:已批评教育,http://news.163.com/18/0723/19/DNE1S21T000187VE.html,http://www.thepaper.cn/newsDetail_forward_2286239
"
,7月23日，我院新浪官方微博因操作失误，发布了一条不当言论，在社会上造成了不良影响，我们表示深深的歉意。,下一步，我们将进一步加强管理、严格发布程序、强化人员素质，杜绝此类事件发生。",新乡县检察院,DNDU1GKJ0001875P,"
            2018-07-23 18:06:15　",新乡检察院官微对国家药监局官微爆粗口 已致歉,http://news.163.com/18/0723/18/DNDU1GKJ0001875P.html,#
"大象，不仅可以分四步放进冰箱，更可以在人的胯下乖乖听话。,2017年，一部揭示泰国大象表演黑幕的纪录短片《黑象》在国内各大视频网站疯传。,这部不到10分钟的纪录片，在发布仅十天的时间里，就有五千万的点击量。,大象就如同泰国的招牌，对很多人来说，去泰国旅游必体验的项目就是“骑大象”，很多旅游网站也都懂得游客的需求。,但如果你了解这背后的真相，或许就不再会觉得骑大象是件有趣的事了。,比人类早出现在地球上几千万年，并没让它们理所应当拥有更多的自由。,“,”,人类用特制的绳索、木棍，把小象活生生地从母象身边拖走。,小象只能无助地大喊大叫。,“我听见背后，有枪响。”,母象看着自己的孩子被掳走，在后面无助地喊叫，却只得到了一通毒打。,人类把小象关在笼子里，绑住它的双脚――利益面前，他们彻底忘干净了，大象是种野生动物。,他们不给小象饭吃，用木棍敲它的鼻子，用尖锐的弯钩勾它的耳朵，这样，小象就能做各种各样的动作。,驯化野生动物的首要步骤，就是消磨它的天性――小象被链条锁住，只能在半径不足一米的范围内画圆。,在人前卖力表演，像个乖巧的家畜。,这些惨无人道的驯兽方法甚至有个专业名词：phajaan，译为“彻底切断”。,用刀子、斧头、电击工具刺戳大象皮肤，只要是能让大象感到疼痛的一切，人类都试过。,驯兽师可能不知道，也不会在乎，,，控制情感的海马体占总脑容量比也超过人类50%――,。,大象的皮肤的确很厚，但也很敏感，它们甚至能感知蚊虫叮咬；,他们看似结实的背部，也难以承受一张大铁椅加上两个成年人的重量。,许多大象因为这些经历，产生了类似人类的创伤后应激障碍（PTSD――post-traumatic stress disorder），,。,再温顺的生命，也会因受到“权威”的绝对压制而反抗。,2017年末，一名重庆的导游在泰国为救游客，被大象攻击致死。,目击者说，大象在走到一个斜坡时，头摇了两下，在经过一片草地后突然发怒，开始撞击公路边的大树。,导游为了救同行的一名老人，被大象卷起来往车上狠狠地撞了三次，然后又被扔进河沟里踩踏。,大象在泰国相对特殊，是吉祥物一样的存在，象文化的存在能养活很多人。,有驯象员说，,它们会为了同伴的去世而哀鸣；,会在被囚禁镣铐了几十年后解放的那一刻，感动落泪……,从习性来看，家畜和野生动物不同，后者未经人类驯化，仍旧保留着本来的野性，难免做出危险的举动。,在还留有野外生存技能的前提下，它们还是存在重返自然的希望。,从生命权力的角度来看，剥夺本可自由存在、不需依赖人类便可生存的动物的自由，满足的只是人类的一己私利。,它们贡献了东南亚旅游业40%的收入，人类对大象的需求也愈发紧张。,世界动物保护协会发布的报告显示，,很多大象还没等到“退休”，就不堪重负而死。,100年前，泰国有大约30万头野生大象；而如今，只剩下不到1500头野生象和3500头被人工驯养了的大象。,2016年，柬埔寨吴哥窟一只大象因长期载客，不堪重负。在烈日下倒地，心力衰竭而死，死的时候眼睛都没合上……,难逃命运的还有海豚，黑熊，猴子，狮子……,惧怕火苗，却被人类逼着跳过一个又一个火圈；,天性凶猛，却被拔掉尖锐的牙齿，双眼无神地同人们合影；,庞大的身躯本来属于大海，却被人类禁锢在一个狭小的水池里，就像一个人被强制泡在浴缸里，十年二十年……,纪录片《黑鲸》讲述了美国奥兰多海洋世界的明星虎鲸Tilikum的故事。,海洋公园的人看中了它身上的商业价值，于是它被当成摇钱树，接受高强度的训练，每天表演八小时，甚至全年都没有休息的时间。,由于一次表演中的失误，连累同它一起表演的虎鲸受到惩罚。,它便经常受到排挤，身上经常伤痕累累。,很快，它出现了焦躁不安的迹象，它的压力也终于爆发。,在1991年2月20日，它杀死了一个不幸跌入水池的21岁兼职训鲸员Keltie Byrne。,但当时人们并没有意识到事情的严重性，继续将Tilikum作为捞钱的工具，仍然接受繁重的训练任务，为人们表演。,之后，它又相继杀死了一名游客、一名资深驯鲸员……,而Tilikum因为30多年的囚禁生活，加上恶劣的水环境，患上了严重的肺部感染，胃溃疡和抑郁症等等多种疾病。,美国有关动物保护机构发现，生活在水族馆或海洋公园中的海豚，每年的自然死亡率在5.6%~7.4%，而这一数字在野生环境下为3.9%。,这种差异在虎鲸中更为明显：前者为6.2%~7%，而后者为2.3%。,有动物保护组织进行了一项调查：,在一期《透明人》节目中，主持人到一家马戏团采访。,那里的负责人说，“如果有一天所有动物都能处于自由和被保护的状态，当然是全人类的一个目标。,”,“让大家熟悉动物、了解动物、爱护动物，你只有去认识这个动物，看到它、接触到它，你才会有意识保护它。”,但一位驯兽师的话，从某种意义上来讲，才道出了动物真实的存在价值：,“,”,一个“用”字，足以说明这背后，一场生意的本质。,至于动物表演背后的深刻含义，似乎着实值得继续探寻。,节目最后也提出了一系列问题：,使用动物的合理范围是什么？为什么？,哲学意义上，动物是否具备“道德地位”和“道德权利”？,以及，以上种种思考，是否只是人类的自我娱乐？,无论饲养家畜类动物来表演，和强迫野生动物进行训练孰是孰非，可以看到的现象是，,据不完全统计，全世界已有36个国家、389 个城市全面禁止或限制动物表演，玻利维亚、希腊、保加利亚、巴拿马、克罗地亚等国家还,。,英国、美国、德国、法国等数十个国家的上百个城市则,在中国，2017年9月1日，广州动物园,正式闭馆，标志着广州动物园长达24年、累计为1000多万观众提供的马戏表演，正式结束。,诺贝尔和平奖获得者施韦泽说：“,”。,人渴望自由，自然应当能理解动物。,几块一次的合影，几十块一次的触摸，几百块一次的亲密互动，满足的，似乎只是人类社会的需求。,久而久之的强行驯化，加之对已有生存环境的破坏，已让它们无处可逃。,甚至包括《黑象》这部纪录片的结尾所号召的，让人选择以更温和的方式亲近大象，做志愿者、体会照顾大象的经历。但从某种意义上来讲，这也需要辩证看待。,大象是否需要人类的照顾与亲近，还是大象说了算。,“,”,把今天的文章分享给你的朋友吧。,我们本可以，尊重每种生命自由生存的方式。,关注微信公众号：,，随机回复,中任意数字即可获取热门影片资源，看好片不求人。,
",网易公开课,DNCTA74O00019A2S,"
            2018-07-23 08:34:17　",这被封杀的9分钟，全是人类最丑的样子,http://news.163.com/18/0723/08/DNCTA74O00019A2S.html,#
"
                    （原标题：关于“问题疫苗”的10大疑问，专家一次解答清楚）
                ,疫苗，儿童疫苗。舆论一阵喧嚣。,这个炎热的周末，长生生物疫苗事件在朋友圈持续发酵。,家长们做的第一件事，是纷纷去翻孩子的疫苗接种记录。他们焦虑的根源是：到底“生产记录造假”对疫苗功效有多大影响？一旦孩子接种了这批疫苗该怎么办？今后该怎样选择疫苗？……,关于疫苗的是是非非，《生命时报》第一时间采访权威专家答疑解惑，帮助你理性应对。,首都医科大学附属北京佑安医院感染中心主任 吴昊,北京大学基础医学院免疫学系教授 王月丹,7月15日，国家药监局称，近期查获一批生产记录造假的狂犬疫苗，长春长生生物科技有限责任公司的冻干人用狂犬病疫苗生产存在记录造假等严重违反《药品生产质量管理规范》行为。,一波未平，一波又起。长生生物日前发布公告，其公司子公司长春长生日前又因“吸附无细胞百白破联合疫苗”（简称“百白破”）检验不符合规定，遭到吉林省药监局行政处罚。,7月22日，国家药品监督管理局相关负责人通报，经查明，长春长生公司编造生产记录和产品检验记录，随意变更工艺参数和设备。,国家药监局已责令企业停止生产，收回药品GMP证书，召回尚未使用的狂犬病疫苗。国家药监局会同吉林省局已对企业立案调查，涉嫌犯罪的移送公安机关追究刑事责任。,▲长生生物公司大门,不是假疫苗。不少媒体或自媒体所谓的“疫苗造假”，这个概念其实是不准确的。,根据目前官方的通报显示，并非狂犬疫苗本身出了问题。生产记录造假和实际产品造假不能划等号。,而“效价不符合标准”的问题，是“劣药”的问题。其实就是有效成分的含量不达标，也就是说，疫苗是安全的，只是有效剂量不够，会影响疫苗接种的效果。,目前的疫苗都是灭活或基因工程的，没有活的病毒或细菌，所以不会对接种者造成健康危害，但如果万一接种的是效价不符合标准的疫苗，那也只是有效成分的含量不达标，也就是说，疫苗是安全的，只是量不够，会影响疫苗的效果。,此次的涉事疫苗，均不是“假疫苗”。严格来说是属于“劣药”，也就是质量不合格产品，而并非假疫苗。实际疫苗制假的情况也不排除没有，只有一种情况，那就是在一些偏远山村或者落后地区，或许存在一些私人诊所从非法渠道购买假疫苗的现象，但这并非此次话题的讨论内容了。,疫苗制造的技术本身难度并不高，这的确会给一些不法分子以可乘之机。疫苗制假属于严重的刑事案件，属公安机关立案侦查范畴。,暂时不能将其说成是“假药”。因为是生产记录造假，很难推测对产品到底有什么具体影响。需要相关部门进行鉴定确认。,疫苗作为生物制品，其安全性主要是指使用过程中或使用后引起的各种不良反应。而疫苗的有效性，是指其在规定适应证、用法和用量条件下能满足预防疾病的目的。,本次的问题疫苗出现的是“效价不合格问题”，就个体而言，接种低效疫苗可能无效，也可能会产生有效的免疫力。,国家药监局7月15日通告，国家食品药品监督局开展飞行检查，发现长春长生冻干人用狂犬病疫苗生产存在记录造假等行为。,目前，吉林省药监局已收回长春长生《药品GMP 证书》，同时长春长生已被要求停止狂犬疫苗的生产。,这之后的第三天，也就是7月18日，吉林省药监局公布，该公司2017年11月生产的25万支百白破疫苗效价不合格，按劣药处理，罚款344万。,另据国家食品药品监督局2017年11月3日的公告显示，两批次百白破疫苗抽检，发现效价测定结果不合格，涉事疫苗产品批号分别为“长春长生生产的百白破疫苗：201605014-01；武汉生物生产的百白破疫苗：201607050-2”。,儿童家长或监护人可以查看儿童预防接种证上的百白破疫苗接种记录，与公布的疫苗生产企业和批号进行对照，判断是否接种了相应批号的不合格百白破疫苗。,同时，也可以咨询接种单位，由接种单位协助查询所接种百白破疫苗的批号，判断是否接种了相应批号的不合格百白破疫苗。,疫苗接种记录中，标注了疫苗批次和企业,,这要分情况，我不主张补打。,疫苗的效价出现问题，其实是预防效果差的问题。比如乙肝疫苗，实际上，接种乙肝疫苗后不出现抗体是很常见的。,如果孩子真的注射过国家药监局公布的涉事批次疫苗（长春长生：201605014-01；武汉生物： 201607050-2），可以考虑补种疫苗。但其他批次的疫苗是没有问题的，涉事疫苗批次扩大化。,另外，如果孩子的家长是乙肝患者，那孩子属于乙肝感染高危人群，需要确认孩子体内是否产生乙肝抗体，如果没有，就要及时补打乙肝疫苗。,具体是否补种，需要等专家和国家调查出结论后再确定要不要重新接种。疫苗补种存在一定的风险，不可擅自盲目补种。,补打狂犬疫苗意义不大。,狂犬疫苗的注射有效期是24小时，如果超过24小时，即便进行补打也没有意义了。也就是说，如果你被狂犬咬伤，应该在24小时之内尽快注射疫苗，只要在疫苗生效前，也就是疫苗刺激机体产生足够的免疫力之前人还没有发病，疫苗就可以发挥效用。,狂犬病一旦发病，其进展速度很快，几乎100%的病人会在3~5天内死亡。不管被咬的宠物是否接种过疫苗，伤口是否出血，一旦被咬后均需立即接种狂犬疫苗。,不过，狂犬病有潜伏期，一般为3个月之内，极少数病例可长达数年。在这段时间，如果被咬伤者没出现问题，那就不必担心狂犬病的问题；如果出现问题，那不光是疫苗，一些紧急治疗手段，都已经没有什么意义了。,如目前免疫程序未完成，建议后续几针更换为其他厂家、同规格的狂犬疫苗，完成全程免疫接种。,除了直系亲属有患乙肝的新生儿以外，一般不需要查抗体。,一般正规的医疗机构都能够检测到乙肝抗体，各地疾控中心可以查部分抗体，如水痘、麻疹抗体。但百白破的抗体是无法检测到的。,每一批都经过严格检测。,我国的疫苗检测实行的是“批批检验”制度，也就是全面检测，对生产过程所产生的每一批产品逐批进行检验，从而判断每批产品的合格与否。,我国目前从上至下，监管环节可以说是非常严格的，尤其是针对大的疫苗企业，疫苗造假的可能性几乎为零。疫苗是实行全流程监管的产品，从原料到生产，从销售到运输，从保存到接种，各个环节都有严格的法规和正规的流程。,疫苗的储存完全按照要求在冰箱冷藏，并冷链运输。目前，即便是在一级乡村诊所，也必须配备冷链终端，我国疾控系统才给配发疫苗注射许可。疫苗的注射也是严格按要求完成的。,进口疫苗不一定就更好，国产疫苗性价比更高。,目前国产的疫苗和进口的疫苗并不存在明显差距。严格上来讲，无论进口还是国产，都是检验合格才能上市，是安全有效的。而且，从性能与价格综合来看，国产疫苗的性价比通常都高于进口疫苗。,大家关注疫苗的问题，本身是可以理解的，但不能一叶障目，公众的恐慌情绪主要是由于信息不对称造成的我国的疫苗整体上是没问题的，不必因为一些报道而引起不必要的恐慌。,不要迷信进口疫苗。,目前我国的疫苗生产技术达到了国际水平，国产疫苗和进口疫苗差距不大。另外，我也不主张去国外接种疫苗。这是因为接种疫苗需要在身体状态比较好的情况下进行，如果去国外舟车劳顿，可能影响疫苗的效果。,不可以。,打个不恰当的比喻，这就像不让孩子读书一样。接种疫苗对孩子对大人都很重要，大家不要对此产生恐慌情绪。,不能因为此次疫苗事件，对接种疫苗产生不信任。,近代医学一百多年的成就表明，接种疫苗是预防疾病的最根本途径，无论是消灭天花和小儿麻痹症，还是预防狂犬病和破伤风，疫苗都功不可没。切不可因噎废食，无论是新生儿的常规疫苗接种，还是被动物咬伤后的狂犬疫苗、破伤风疫苗接种，都是十分必要的。",生命时报,DNDCQITD000189FH,"
            2018-07-23 13:05:22　",关于“问题疫苗”的10大疑问，专家一次解答清楚,http://news.163.com/18/0723/13/DNDCQITD000189FH.html,http://www.lifetimes.cn/
"7月23日24时，新一轮成品油调价窗口将再次开启。央视财经记者最新从国家发改委获悉，此次油价调整具体为：每吨汽油下调125元、柴油下调120元。折合92号汽油每升下调0.10元，95号汽油每升下调0.1元，0号柴油每升下调0.1元。按一般家用汽车油箱50L容量估测，加满一箱92号汽油将节省约5元。,
",新华社,DNDRJBA00001875N,"
            2018-07-23 17:23:34　","油价迎年内""第五降"" 加满一箱92号汽油便宜5元",http://news.163.com/18/0723/17/DNDRJBA00001875N.html,#
"
                    （原标题：媒体曝光辽宁大连美团外卖店员工脚踩米线，美团官方暂未回应）
                ,厨房内，一只脚与一大桶米线亲密接触――6月21日，微博上爆出的照片让网友震惊。报料人称，这是辽宁大连一家美团外卖黑作坊，位于和平广场附近。“脚+米线”触及众多网友的底线。这张照片是真是假？记者展开调查。,“完全是因为看不下去了，必须站出来提醒消费者。都是年轻人在吃外卖，这种对食品安全不负责任的行为是在危害全社会。”一位知情人士对记者说。,在求证过程中，令本报记者始料未及，竟有多位人士先后站出来证明照片的真实性。他们均称，这事触及底线，再也看不下去了。,照片显示：不平坦的石灰水泥地面上，垫着一张踩得黢黑的纸壳，上面放着一大桶米线。一只脚踩在金属桶沿上，与米线亲密接触。脚的主人，左脚光脚穿拖鞋踩地，右脚背上疑似有明显创伤面，受伤的脚正踏在米线上。,一位报料人称，他的脚是烫伤，脚上抹的是药膏。另一位报料人称，照片拍摄于6月份的一天凌晨，“当时看到感觉很恶心，于是就拍下来了”。第三位报料人称，他当天亲眼所见，照片拍摄时他也在旁边，“我以前还见过他家擤完鼻涕手都不洗就抓米线。”那时候就不避讳人，这次脚放米线上他也没当个事儿。,除照片外，报料人还给本报提供了两段小视频，“视频也是他家的，可能是（与照片）隔了一两天（拍的）。”“他家的味道就跟农村的猪圈差不多。”报料人称。,这张照片上，恰好有一张外卖订单与脚、米线同框。照片上清晰可见，订餐地址为：（大连市沙河口区）中长东五街与兴工北六街交叉口的一处居民楼，点单人的姓氏和电话也赫然纸上。电话是大连本地的手机号码。,经反复联系，这位订餐人同意与本报记者在微信上交流。他称自己是一位24岁的自由职业者，男性，大连当地人。他证实：此单发生时间是2018年6月16日早5时。其在美团外卖点了肉夹馍、疙瘩汤、手抓饼等餐品，扣除美团红包、满减优惠后实际付款19.5元。这些信息与被曝光照片上的订餐单信息完全相符。,最初与记者交流时，这位消费者有点意外，他并不知道出了什么问题。他称：“吃的时候没什么感觉，不好吃，也不难吃……那订单怎么了？”,当这位24岁订餐人看到被曝光的照片后，情绪突然失控，连说“这太恶劣了！”,“那天是前一天晚上没吃饭，早上起来有点饿，就寻思订个外卖吃，平常经常用美团外卖，因为感觉方便。”订餐人表示，“我现在的想法就是希望能曝光严惩这种无良无德的商家，这样的行为太恶心、太恶劣了，都不知道外面还有多少类似这样的黑心商家在营业，让人没办法再敢去吃外卖了，希望能找到并严惩这些黑心商家。”?,他还称：“希望能有第三方出来严惩这人。”,这个作坊在哪儿？还有没有更多的消费者中招？记者继续调查。,那位24岁订餐人提供的美团外卖订单截图显示，,6月22日，一位网友在微博上留言：“这三家全都中过！”记者与这位网友取得联系。该网友称，自己工作单位在兴工街附近，自己和同事都经常订外卖，“我是真的都吃过这三家，但是不是这么恶心我不知道。”另一位网友称：“我在星海百年汇，这两天胃口不好，天天订满口香疙瘩汤，现在感觉应该报警了。”,
,这家店具体位置在哪儿呢？几位报料人证实，就藏匿于星海广场期货大厦后身的体坛路上，距离期货大厦直线距离100米左右。此处为平房院子，外面看不见招牌，周围没有住户，基本只有外卖小哥进出。,记者多次探访此处发现，近期，院子白天大门上锁，傍晚开门，院内房里有人烹饪，有外卖小哥进出。知情人称，平房院内不止被曝光的那一家作坊，“一共有三家”。而平房东墙外即是一个美团外卖配送站点。,记者注意到，6月21日，一位网友@美团、@美团外卖，称“出来说两句啊！只顾挣钱，视他人生命安全为儿戏！抵制你不过分吧！”至本报发稿时为止，美团方面未对此事做出公开回应。",澎湃新闻,DLPKU18K0001875P,"
            2018-07-03 10:46:33　",辽宁大连外卖店员工脚踩米线 消费者：太恶劣了,http://news.163.com/18/0703/10/DLPKU18K0001875P.html,https://www.thepaper.cn/newsDetail_forward_2235451
"“外交部发言人办公室”公众号消息，在7月23日外交部例行记者会上，有记者问：美国威胁将对5000多亿美元的中国进口商品征收关税。中方对此有何回应？,耿爽：,此前中方已经多次阐释，在此我不再展开。,我只讲两句话：,7月16日，中国在世贸组织就美国301调查项下对我2000亿美元输美产品征税建议措施追加起诉。,美国7月6日开始对340亿美元中国产品加征25%的关税。美国违反世贸规则，发动了迄今为止经济史上规模最大的贸易战。商务部作出回应。",外交部发言人办公室,DNDPB08V0001875N,"
            2018-07-23 16:44:03　",美威胁对5000亿美元中国商品征税 中方:不是吓大的,http://news.163.com/18/0723/16/DNDPB08V0001875N.html,#
"
	,
	,
						,
						,
					,【习近平对吉林长春长生生物疫苗案件作出重要指示 强调要一查到底严肃问责 始终把人民群众的身体健康放在首位 坚决守住安全底线】正在国外访问的中共中央总书记、国家主席、中央军委主席习近平对吉林长春长生生物疫苗案件作出重要指示指出，长春长生生物科技有限责任公司违法违规生产疫苗行为，性质恶劣，令人触目惊心。有关地方和部门要高度重视，立即调查事实真相，一查到底，严肃问责，依法从严处理。要及时公布调查进展，切实回应群众关切。习近平强调，确保药品安全是各级党委和政府义不容辞之责，要始终把人民群众的身体健康放在首位，以猛药去疴、刮骨疗毒的决心，完善我国疫苗管理体制，坚决守住安全底线，全力保障群众切身利益和社会安全稳定大局。,中共中央政治局常委、国务院总理李克强作出批示要求，国务院立刻派出调查组，对所有疫苗生产、销售等全流程全链条进行彻查，尽快查清事实真相，不论涉及到哪些企业、哪些人都坚决严惩不贷、绝不姑息。对一切危害人民生命安全的违法犯罪行为坚决重拳打击，对不法分子坚决依法严惩，对监管失职渎职行为坚决严厉问责。尽早还人民群众一个安全、放心、可信任的生活环境。,根据习近平指示和李克强要求，国务院建立专门工作机制，并派出调查组进驻长春长生生物科技有限责任公司进行立案调查。调查组将抓紧完成案件查办、责任追查、风险隐患排查等工作。吉林省成立省市两级案件查处领导小组，配合国务院调查组做好相关工作，并结合此案件全面排查高风险药品企业。吉林省食品药品监督管理局已收回长春长生狂犬病疫苗药品GMP证书，停止该企业狂犬病疫苗生产及销售，暂停该企业所有产品批签发。",央视新闻移动网,DNE0RSKV0001899O,"
            2018-07-23 18:55:36　",习近平对吉林长春长生生物疫苗案件作出重要指示,http://news.163.com/18/0723/18/DNE0RSKV0001899O.html,#
"
                    （原标题：美国富婆花光25亿美元 靠月领900美元社保金度日）
                ,人民网讯 据《纽约邮报》报道，今年77岁的美国富婆魏尔登斯坦来自瑞士，多次整形使她的脸有点像猫因而被部分媒体称作“猫女”(Catwoman)。她原是一名富有的社交名媛，却在今年向联邦申请破产保护。,报道说，她的花旗银行帐户余额为0，每月900美元的社保金是她现在唯一的收入，她经常求助亲友以支付日常花费。,
,法庭文件显示，魏尔登斯坦有资产1639万美元、负债638万美元。她持有的资产包括，在曼哈顿特朗普世界大厦内价值1175万美元的大型公寓，还有价值3.5万美元、2006年产的宾利汽车。然而，她的债务相当惊人，包括超过30万美元各类律师欠款；公寓还欠款460万美元，目前已进入法院拍卖程序。,对魏尔登斯坦来说，这是人生的最低潮。她于1999年与已故亿万富翁、艺术品经销商艾利克・魏尔登斯坦达成离婚协议时，获得了25亿美元的赡养费。她曾透露，和前夫一起生活时，一个月花费约100万美元，所购奢侈品包括一件35万美元香奈儿服装和1000万美元的珠宝，还有一个月5000美元的手机费。",人民网,DND6PIKF0001899N,"
            2018-07-23 11:19:58　",美国富婆花光25亿美元 靠月领900美元社保金度日,http://news.163.com/18/0723/11/DND6PIKF0001899N.html,http://world.people.com.cn/n1/2018/0723/c1002-30163902.html
"
                    （原标题：百米高楼中喷出瀑布 开放1小时电费800元引质疑）
                ,
	,
	,
						,
						,
					,最近几天，一段高楼瀑布的视频在网上一夜走红，引起很多网友的围观。这个创意十足的城市景观就在贵阳市观山湖区烈变广场。,楼高121米，瀑布设计高度达到108米，百米瀑布倾泻而下，场面十分震撼，吸引很多路人驻足观看。,贵阳市民：“挺新颖的，热天这样做的话给人的感觉还是很舒服的。还是挺吸引眼球的。”,惊叹之余，一些网友纷纷感慨这得浪费多少水，甚至有网友说瀑布开放一小时电费就得800元，这可是一个十足的烧钱工程。,随后，记者来到烈变广场顶楼，但由于是周末，物业公司没人上班。之后，记者电话联系了物业公司的一名负责人程先生。程先生说，瀑布所在的那栋楼是酒店，建造时面临很大的工程难度，好在企业具有丰富的水利施工经验，成功解决了酒店景观瀑布所面临的问题，而这也是全世界最高的人造瀑布。,贵州卢帝亚物业管理有限公司负责人程先生，“我们用的水是回收的地下自来水，一些下雨的水或者其他渠道来的水，我们地下负四层有储水排水系统，我们瀑布的水是从负四层储水池里面抽上去，然后是循环使用。电耗不大，我们也不经常开，比如贵阳市有国际或者国内特大活动，或者有需求的时候，通知我们，偶尔开十分钟二十分钟。”,程先生说，高楼瀑布意外走红，这让他们很意外，如果景观能让大家重新认识贵阳，提升城市的旅游形象，他们何乐而不为呢？,没有电梯，从1层爬到24层，其难度可以想象，但神奇的是，此楼有3个出口，分别通往3条不同街道。网友们也纷纷感叹，重庆不愧是8D魔幻城市。“这栋楼建于上世纪90年代，没电梯。小区共有6栋楼，每栋有24层高，相互有廊桥连通，临近解放东路一侧的是1号楼，依次往滨江路延伸，最远是6号楼。”,位于红海之滨的沙特阿拉伯港口城市吉达(Jeddah)，一座摩天大楼正拔地而起，这座被称为吉达塔(Jeddah ?Tower)的高楼建成后，将超越目前世界最高建筑――828米的迪拜哈利法塔(Burj Khalifa Tower)，成为世界第一高楼。",看看新闻Knews,DND3ACFT0001875P,"
            2018-07-23 10:19:14　",高楼喷出百米瀑布1小时电费800元?负责人:偶尔开,http://news.163.com/18/0723/10/DND3ACFT0001875P.html,http://www.kankanews.com/a/2018-07-23/0038524450.shtml?appid=372198
"
                    （原标题：外卖员爆料！快餐店潜伏小区""连住带做""太不卫生）
                ,
	,
	,
						,
						,
					,如今随着外卖平台的迅猛发展，许多消费者爱上了“一键下单坐等吃”的点餐方式。外卖确实给我们的生活带来了很多便利，但您关注过这些外卖的来源吗？您真的知道外卖平台背后的餐饮商家到底是什么样子吗？最近，某外卖平台的一位送餐小哥爆料了一些他在取餐过程中发现的情况。,外卖小哥表示：“正经的大商家还挺好，小快餐挣钱有点太黑心了！”,根据外卖小哥的指引，记者来到了秦皇岛市的孟营新村。在1至11栋楼附近记者发现，虽然很多小房门口都有外卖小哥等候，但周边却看不到任何快餐店的名字或者牌匾的指示，不仔细看或者不进店根本发现不了这些快餐店。记者随机走进一家卖灌饼的店，只见操作间一片混乱，房顶、窗户已经被油污熏黑，面饼、生蔬等食材就随意摆放在灶台周围，灶台上油污遍布，卫生环境堪忧。,记者根据窗台上放置的一个模糊不清的名字在某外卖平台搜索到了这家灌饼店。平台上食品安全档案中营业执照显示，这家快餐店的名字是秦皇岛经济技术开发区某然快餐店，外卖平台登记名称与营业执照不符。,记者在附近发现的另一家小店，依旧是没有明显的招牌，只在铁门上贴了一张写着“某某披萨牛排”的纸，屋里除了灶台外，还有一张床放在门口。记者在某外卖平台上也搜出了同名的店铺，食品安全档案中的营业执照上的名称与外卖平台上的也不一样。,通过走访，记者在孟营新村1至11栋还发现了好几家类似的小店，都是屋内灯光昏暗，卫生环境较差。,外卖小哥说：“都是商家，他们是连住带做都在那，要不说太不卫生呢。”,爆料的外卖小哥同时还提供了一份他拍摄到视频。从画面中可以看到，狭小昏暗的空间内，加上取餐小哥一共站了四个人，加工人员没有穿着任何卫生装备，食材和厨余垃圾随意摆放。随后，记者在孟营老市场找到了这家某秒烤肉拌饭店。,在某外卖平台搜索，它的资料情况与孟营新村的基本相同，都是大概地址相符，但实际名称与营业执照登记的不符。另外，在记者暗访的这几家外卖店铺里，都没有见到悬挂营业执照、食品经营许可证及工作人员健康证等相关证件。,面对外卖平台存在的诸多问题，7月5日，秦皇岛经济技术开发区食品药品监督管理局对美团外卖秦皇岛地区负责人进行了约谈。,秦皇岛经济技术开发区食品药品监督管理局监督一科董奇表示：“对每一户入网的食品经营者进行实地的现场核查，严格审查入网经营者的经营资质，在门户网页公布许可信息，咱们的投诉举报电话，以及从业人员的健康证明等相关的信息。”,开发区食药监局分别从餐饮、食品流通的角度对外卖平台提出食品安全监管的具体要求：,一，平台对开发区内所有上线的食品经营单位开展自查，将不符合入网资质的食品经营单位强制下线；,二，三日内将公司的整改情况、下线的食品单位明细和上线经营的食品单位的明细向开发区食药监局汇报；,三，要求平台提供半年内开发区范围内的网络订单；,四，提供送餐员的培训记录；,五，要求平台将食品经营单位的食品安全量化分级信息纳入到审核中；,六，针对平台的整改情况，开发区食药监局将制定具体的行政处罚的措施。,美团网秦皇岛地区负责人赵经理表示：“现在对暴露问题的商户我们已经采取了下线的措施，同时我们现在安排专门人员去梳理开发区，以及全市范围内的所有的重点商户，对存在类似问题的商户我们也是要求立即下线的，同时，我们也会将相关信息及时地通报给咱们食药监局。”,随后，开发区食药监局执法人员来到孟营新村和孟营老市场进行实地检查。记者发现这里没有了等餐的快递小哥，专做外卖的餐饮店也是大门紧闭。记者也查看了美团点餐平台，发现之前存在问题的外卖店铺已经搜索不到了。在检查现场，开发区食药监局执法人员根据之前的调查记录，对不符合《中华人民共和国食品安全法》规定的店铺下发了停业通告。,厨房内，一只脚与一大桶米线亲密接触――6月21日，微博上爆出的照片让网友震惊。报料人称，这是辽宁大连一家美团外卖黑作坊，位于和平广场附近。“脚+米线”触及众多网友的底线。这张照片是真是假？记者展开调查。",看看新闻Knews,DN13CS300001875P,"
            2018-07-18 18:29:42　",脏的连外卖小哥也看不下去!他曝光小区三无快餐店,http://news.163.com/18/0718/18/DN13CS300001875P.html,http://www.kankanews.com/a/2018-07-17/0038517072.shtml
"《奇葩说》里有句很经典的话：,重庆一个24岁的小伙子小裴，月薪5000多，每月固定给父母寄1000块钱。,只是，这件事遭到了女友反对。,女友认为，他收入不高，生活开销大，经济压力较大，希望他和父母商议一下，暂停寄钱。,小裴却觉得孝敬父母是天经地义的事，不同意女友的观点，两人因此产生了冲突。,其实这件事，仔细分析起来，无法单方面说谁对谁错。,年轻人在外打拼，尤其在大城市，工资不上不下，消费水平却很高。,生活开销大，可能常处于入不敷出的状态，一年到头辛辛苦苦也攒不下太多钱，更别提要寄钱回家孝敬父母，女友的顾虑完全可以理解；,只是小裴想孝敬父母的心意也没错。,就像热评第一说的，,“如果两个人真的连这1000块钱的矛盾都调和不开，说明两个人金钱观人生观差距还是不小的，将来生活在一起肯定也还会再出问题。”,这话听起来扎心，实则一针见血，直指要结婚、要一起生活时，三观契合的重要性。,什么是三观不合？,你喜欢吃香菜，他不吃，是口味不合；不吃还嘲讽你口味奇葩，才是三观不合；,你喜欢收集香水，他不喜欢，是喜好不合；骂你败家浪费，净整些没用的，才是三观不合；,你喜欢去电影院看电影，他不感冒，是环境要求不合；觉得你文艺装X、钱多人傻，才是三观不合；,就像那句有名的调侃，“我说大海很美，你说淹死过很多人。”总有人无法认同对方的想法观点，连基本的理解都做不到。,鸡同鸭讲、话不投机。,最高人民法院的一份离婚纠纷大数据专题报告显示，2017年全国离婚纠纷一审审结案件量为140余万件。,而感情不和的根本原因，是观念上的矛盾。,婚姻的最初结合，是因为爱情；维系婚姻的，却不仅仅是爱情。,今年年初，河北小伙小赵带重庆女友小顾回农村老家过年，刚开始家人都觉得小顾长相漂亮，很满意。,没想到过了两天，矛盾就爆发了。,一个人洗澡把家里的热水用光；,嫌弃他家条件不好摆脸色；,早上睡懒觉、化妆打扮迟迟不出来；,不帮家里干活儿，每天像“翘脚老板”一样好吃懒做……,自己给家里每个人都带了礼物，礼数周全；,不是故意不干活，是适应不了北方寒冷的气候，给小赵家人解释也没得到理解；,自己在家睡到十二点，在小赵家九点起床已经很早了，对方还是挑毛病……,最终小顾改签机票，提前回了家，两人不欢而散。,这段感情，只怕最终也要以分手收场。,评论区网友的观点两极分化：,有人认为小顾第一次去男方家，本来就是客人，“干活儿是情分，不干是本分”，小赵家完全没理由挑三拣四。,有人却认为去男朋友家帮忙做点事也很正常，小顾就是太娇气，太上纲上线。,其中有一条高赞评论一针见血：,小赵、小顾的家庭背景和地域环境相差太大，从小所受教育也完全不同，无怪会产生矛盾。,之前有一个针对90后的调查：你认为婚姻中什么最重要？,调查结果让人意外，,为什么现在的年轻人如此在意精神契合？,因为容貌、财富等会随着年龄阅历的增长而变化，但本性是深深刻在骨子里的，很难改变。,中国一直喜欢讲“门当户对”，只是现在的含义已不全指钱财名利，更多的是认知上的契合。,只有这样，才能互相欣赏和理解，在最关键的时刻给予对方支持与鼓励。,就像网友说的，三观比五官重要。,“比孤独终老更可怕的，是和使你感到孤独的人一起终老。”,三观相合究竟对婚姻有多重要？,两人决定携手一生，爱重要，性重要，了解更重要。,知道你爱吃什么菜于是精心为你准备，知道你的作息所以按时说晚安，这是爱。,但了解是，有一个人，他知道你对生活的态度，知道你对世界的看法，他清楚你的原则，你的标准。你和他高谈阔论人生理想时，他向你点头赞赏，你因鸡毛蒜皮的小事和邻居闹别扭时，他也会偷偷帮你骂两句。,记录亲密关系的观察节目《幸福三重奏》里，其中一对是汪小菲大S夫妇。,姐弟恋，相恋四十天闪婚，明星嫁豪门，这段被贴上很多标签的感情起初并不被人看好。,大S复出时，汪小菲被讽刺吃软饭。,他依然发微博说：,他爱她，愿意守护她，但他更理解她。,他们一致认为：女人不是要在嫁人生子之后全部贡献给家庭的，她依旧可以有自己的事业和梦想。,这段婚姻能维持十年，依靠的绝不仅仅是爱情。,民国最会写情书的朱生豪先生，因一句“醒来觉得甚是爱你”被网友熟知。,生性内向、不善言辞的他，大学时期遇到太太宋清如后，一直用情书来表达爱慕之情。,旁人眼中的傻气，宋清如却觉得有意思，对这样的信笺传情甚是满意。,婚后，朱生豪先生翻译《莎士比亚》，宋清如就给他当助手。,困顿劳累的生活，因两个人的心意相通，也不觉得有多么辛苦。,人常说，婚姻是爱情的坟墓，无论多么浪漫甜蜜的爱情，最终都容易输给生活的柴米油盐。,可两个人精神上的相通，会让生活在最平凡的日子里，开出花来。,相反，那些最后败给日常琐事的爱情，往往是看法不同引发的不合。,我喜欢西餐红酒的情致，你喜欢路边小摊的亲民美味，这没有关系。,如果你觉得西餐红酒奢侈无味，只是为了满足虚荣心的显摆，而我又瞧不上路边小吃，觉得他们肮脏低级，没有品味，这就会出现问题。,这一次我们吵架，下一次可以和好，但如果双方不能作出改变，那么问题的根源就永远存在。,你看不懂我，我也猜不透你。,当代诗人北岛说过，“一个人的行走范围，就是他的世界”。,正应了那句话：你连世界都没见过，哪来的世界观？,两个人通过爱的磁场相互吸引，接下来要做的是相互磨合。,但是千万要记住，“我爱黑色，你却坚持说灰色好看”永远是“伪三观”的命题。,一味“求同”而忽略了“存异”，容易让人把“差异”夸张化。,“当你想批评别人时，记住，并不是世界上所有人都和你有一样的条件。”,同样，即便是爱人，你也无权要求他每个细节都跟你完全一样。,两个人的相处更应该像齿轮，虽然凹凸不一，但正是靠着相辅相成，才能保持流畅而又和谐的运转。,尼采的一段话，完美诠释了爱情中对差异的包容。,“爱，并非将年轻貌美的人占为己有，也并非将优秀的人占为己有，也并非，让他们置于自己的影响之下。,爱，并非去分辨，去寻找，那些与自己相似的人。,爱，并非去接纳，那些喜欢自己的人。,不是用爱来填补两个人的差异，也不是用爱将对方拉向自己。,当既没有包容，也没有爱时，请选择离婚。,2014年，因《穿过大半个中国去睡你》而成名的诗人余秀华，一度在这样的婚姻里挣扎。,出生在闭塞的乡村，患有先天性脑瘫，女性。这些，让她几乎失去了对自己人生的掌控权。,命运给她安排了浅识的老公。,她说：,没有妥协将就，她选择结束自己荒谬的婚姻。,《朗读者》里，董卿听了她的诗后泪流满面，给出了这样的评价：,用最摇晃的步伐写出最坚定的诗句，这些诗句像阳光透过了水晶，折射出她的灵魂和光芒，她不惧怕命运的不公带给她的伤害，选择在诗歌里释放自己。,“一个失败的婚姻，就是一场悲剧。结束一场悲剧，等于开始一场喜剧。”,只是，很多人没有她的勇气，他们最终在一次次的妥协和权衡后，一不小心忍到了白头。,但你要明白，乍见之欢靠五官，久处不厌靠三观，结婚，绝不只是嫁给爱情就足够。",,DN2V7IGJ0001982T,,被闷死在婚姻里的年轻人，大多毁在三观不合_谈心社,http://news.163.com/18/0719/11/DN2V7IGJ0001982T.html,
"2009年5月，在北五环的垃圾回收站，当法国人苏文高价买下了整整一麻袋的废弃底片，他感觉到了老板小马的暗喜。,“你多少钱买这些垃圾？”,“28元一公斤。”,“哇，买垃圾能买这么贵的！”,小马专业回收银盐制品20年，手里最不缺的就是底片。作坊里东一摊西一摊，堆的都是全北京的废弃底片、光盘、X光片。不出意外的话，这些原料都会被丢进酸池，只为提炼出一点点银的化合物。,不过在苏文心中，他买的东西可远不止这个价格。作为一名生活在北京的“淘影者”，他的工作是为收藏机构搜集中国的老照片。在他眼中，这个阴暗逼仄、散发着酸液味道的垃圾站，更像是一座埋藏着珍贵回忆的“银矿”，不仅能用来提炼金属银，还能挖掘出千千万万普通人最真实的私人影像。,看，就是这样一麻袋一麻袋的底片。来源 /,9年来，一手交钱，一手交底片，已经成了苏文和小马的例行交易。如今，苏文收集的底片已经超过85万张，他把这个项目命名为“北京银矿”。,对于这些抢救回来的宝贝，他会把每张底片都放在灯箱上反复观看。很快，他发现这些影像都极其平常，没有什么重大事件。,然而，就是在这些普通到任何中国人都可能有的照片中，他逐渐发现了一个意想不到的私人生活史。,一,1985年，全国性的粮票制度宣告终结，也正是那时，胶片相机开始在中国家庭登场。于是家庭相机从最私人的视角，记录下了人们涌动的消费欲望。,80年代，物质仍然匮乏。买一台14寸松下彩电，要专门去机场等电视机到货。而买一台雪花牌冰箱，就足以在学校吹一夏天的牛逼。,于是有相机的北京市民，不约而同地记录下了那些清空购物车的时刻。他们的构图整齐划一，往往是一个美女加一个电器。,要盛装打扮才能跟电视合影。,看！老鼠！,如果一台还不够牛逼，那么就两台。,冰箱上永远盖着一块布，上面还摆着假花或雕塑。,Windows 98，初恋般的味道。,改革开放后，随着西方文化大潮涌来，外国明星海报也成了家庭相片中的熟脸儿。少男少女除了迷上张国荣、罗大佑、崔健，也喜欢上了玛丽莲・梦露、迈克尔・杰克逊，和甲壳虫。,一本正经地看杂志。,在你内心深处，是否也喜欢米老鼠？,对于孩子们来说，爸妈拍的照记录下了他们纯真的童年渴望。,1987年5月23日，Mia的父母把她放在崭新的红色摩托上，拍下了一张照片。她还记得，那是在奶奶开的小卖部门口，身旁冰柜里的北冰洋，几乎是80年代的唯一冷饮。,过生日的意义，就在于大瓶的快乐肥宅水，和比脸还大的蛋糕。,北京第一家麦当劳开业后，与“麦当劳叔叔”合影成了每个小朋友的打卡项目。,二,到了90年代，世界如一匹宽银幕，在眼前缓缓展开。,买买买已经不能满足人们消费的渴望，于是出门看看世界，成了首都居民的新目标。随着他们的足迹走到世界各地，游客照也顺理成章地占领了各家的相框。,在大多数普通游客照中，拍照的人总是郑重其事，而被拍的人也整理好精神，直直地杵在画面中央。随便翻开一个贴着“四川行”、“泰国行”、“美国行”标签的相册，人们就会发现，中心构图法是永远的主流。,真的猛士，敢于亲近自然。,真的摄影师，不怕弄湿自己。,与此同时，一些不满足于呆板站姿的人们，继承了天人合一的中国传统，,开辟出了一条因地制宜的摄影道路。,哪里有太阳，哪里就有托太阳的手。,躺成一尊卧佛，笑看江山多娇。,我想做一棵树，把一个姿势站成永恒。,在没有PS的年代，不是每个男子都能获得星光特效。,人们日益增长的旅游需求，还催生出了中国第一批人造景观公园。,1993年北京世界公园开业，汇集全球著名地标的微缩景观，打出了一天环游世界的广告。,各地的雕塑也在野蛮生长，比如海洋馆门口摆个大鲨鱼，草地上放个大花篮，罗马柱边塑个大卫像，共同为景点增添了超现实主义风光。,果不其然，这些人造景观很快吸引了首都居民的注意。结果是，成千上万的底片上，都留下了人们与大石头合影的身姿。,同时跟长城和凯旋门合影不是梦。,月亮上的男子。,鲨鱼：我超凶的。,鲨口拔牙。,老虎山上。,八仙过海拍照提示：“仙气收费一元。”,不过，在这些合影中，命运最不可捉摸的，还要数人形雕塑。它们可能没有那么巨型的体积，但小小的身体往往蕴含着无穷的可能性。,那山，那人，那球。,对不起，只是手没地方放了。,雕塑：有人拍照，被困在水中央也要强颜欢笑。,“禁止攀爬，违者罚款”，和被扶了又扶的大卫。,机不可失，时不再来。,三,如今，“北京银矿”项目已经成了网红，作品被拿到全世界展出。底片上的图像，也从北五环的一个阴暗角落，去到了英国、美国、新加坡、澳大利亚的明亮展厅，实现了从垃圾品到艺术品的涅。,无论是中国还是外国观众，都觉得这些影像不同于任何刻板印象，生动得有些出乎意料。,时尚界的王者之姿。,回眸一笑百媚生。,骑着二八永久牌自行车，就觉得爱情也会永永远远。,灌木丛里的青春往事。,最时髦的青年，不愁没有女友。,与专业摄影师拍下的严肃议题不同，千千万万个普通人，在自家相机里留下的，都是些平凡快乐的时刻。,如果说，改革开放的意义在于把“正常”的概念带回了生活，那么这些影像的意义，则在于呈现了这种正常，,在没有“吃鸡”的年代，人们的娱乐方式却并不匮乏。比如拍一张土法cosplay照片。,毛巾主题变装派对上的烙饼男子天团。,全国六一儿童节同款造型。,那些年输牌顶过的枕头，都是攒过的人品。,北京大爷必备技能。,脚蹬船都弱爆了，手划船才是真的酷。,可是近两年，苏文明显感觉到了底片的减少。原来一两个月就能回收60公斤“银矿”，可如今，需要等上足足小半年。他知道，总有一天，“北京银矿”将随着底片的消失，而停止生长。,等到那一天，不知道会不会有越来越多的人开始怀念废旧底片上的时代。回到那时，理想主义的余晖还挂在天上，空气中有了一些富裕的味道，一切看上去都崭新而明亮，生活就像朴树的歌词一样：,穿新衣吧，,剪新发型呀，,轻松一下Windows98。,以后的路不再有痛苦，,我们的未来该有多酷！,
",看客,DNA0LL2R0001899P,"
            2018-07-22 05:35:14　",我从北五环垃圾站，淘到一部中国家庭野史,http://news.163.com/18/0722/05/DNA0LL2R0001899P.html,#
"提起易烊千玺，很多人的印象还停留在那个唱着《青春修炼手册》的小男孩。,在这个名为《对不起》的八分钟短片里，他饰演一个叛逆的少年。,故事中，和所有青春期的孩子一样，易烊千玺喜欢呆在卧室，沉浸于自己的小世界。,他的思绪很快被突然进门的外婆打断――外婆小心翼翼地端着盘子，送来了最新口味的“麻酱味雪糕”。,外婆亲昵地叫易烊千玺“偶像”，吵吵嚷嚷着要给千玺写信，千玺的脸上写满了厌烦。,外婆听不懂他说的“短信”，千玺不耐烦地将桌子一拍：“不跟你说了，反正跟你说你也不知道。”,外婆想将信绑在小鸽子的腿上，给千玺“飞鸽传书”。千玺又打断了外婆的话，指着外婆说她是个老古董。,外婆听不懂他的反讽，两人简直无法交流。,才出去没一会儿，外婆又进屋了。这一回，外婆捧进来一堆衣物，原来她将千玺的破洞裤都用针线一点点缝好了。,他逃到阳台上，又听到外婆的呼唤：“偶像，快回家吃饭啦。”,朋友们嘲笑他的外号，外婆又让他丢脸了。,他不愿像鸽子一样永远呆在笼子里，于是他放掉了外婆的鸽子，和朋友们逃离了小镇，追寻自己的梦想。,世界发展得太快了，周围的一切都在不停加速加速。焦虑、惶恐、不安……直到千玺撞死了那只被他亲手放飞的鸽子。,这时，他才蓦然想起，在他身后，外婆，还在等他。,外婆还是没有学会发短信，她将思念一笔一划写在纸上：,外婆一直努力想靠近千玺的世界，将舍不得吃的食物留给他吃，为他取自认为很新潮的昵称，帮他补好衣服上的“破洞”……,歌曲中，易烊千玺唱道：,越飞越高，回头你越小，对不起不曾体谅，我慢慢陪你飞翔；,一步一遥，我往前奔跑，你还在灯下等我吗？对不起。,这段表演让很多人潸然泪下，多少人也是这样，对朋友说“亲爱的”，“喜欢你”，“爱你噢”特别容易；,你心里是不是也有这样一句“抱歉”，一直没有说出口？,一个有趣的心理调查显示：大部分男人对老妈发火最多，大部分女人对老公发火最多，离异者对孩子发火最多。,在社交媒体上，也经常可以看到很多人发火之后的忏悔，他们字里行间非常后悔、非常痛苦。他们发火的对象，通常都是父母、孩子、伴侣等最亲近的人。,小说《围城》中，主人公方鸿渐与太太孙柔嘉的婚姻不被两家人看好，两人左右为难受足了委屈，只好在彼此的身上发泄。,方鸿渐为太太置气，同时也发现受了气而有个太太的方便：,“,父母兄弟不用说，朋友要绝交，佣人要罢工，只有太太像荷马史诗里风神的皮袋，受气的容量最大。毕竟离婚不容易。”,小说的后半部讲的是两人的婚后生活，从见父母到过日子，家长里短，柴米油盐，桩桩件件都不如意，字字句句都在争吵。,孙柔嘉受了妯娌的气，火气便撒到方鸿渐身上，因为：如果不是嫁给你，我就不用和这种人打交道了。,方鸿渐被人偷了钱包，却将账算在给自己买钱包的孙柔嘉头上，理由是：如果她不给我买钱包，那我就不会将钱一股脑全丢了。,两人见了方鸿渐的前女友要吵架，为了买家具要吵架，甚至为了一只小狗都要吵上几句。,方鸿渐讽刺孙柔嘉“千方百计”要嫁给自己，靠亲戚找工作，是亲戚的哈巴狗。,孙柔嘉则挖苦方鸿渐“趋炎附势，不近人情”，“本事不大，脾气不小”，是朋友赵辛楣的走狗。,Daniel Goleman在《情商》一书中将“情商”定义为“管理情绪的能力”。,很多强调情商重要性的文章，将情商描述为社交场合中让人变得左右逢源的工具，或是工作中助人获得成功的武器。,但在Daniel Goleman看来，情商不是用来牟利和厮杀的武器，情商就像微笑和拥抱，让人感到温暖和舒适。,这种能力无论是对陌生人还是亲近的人，都非常重要。,“恶语伤人六月寒。”,伤人的话或者行为一旦发出，结果就是两败俱伤，就算日后和好了，也会留下一道触目惊心的伤痕。,在电影《大内密探零零发》中，周星驰扮演的零零发在事业上遭受了挫折，回家跟妻子撒气：“你知不知道我在外面做事很辛苦，我有多辛苦你知道个屁呀！”,妻子觉得很委屈：“谁得罪了你，你就骂回去，你不要拿我当出气筒。”,零零发却说：“因为我跟你熟，所以你就活该倒霉，做我的出气筒！”,当我们在工作中受了气对家人出言不逊时，当我们心烦意乱对孩子大吼时，当我们因一点点鸡毛蒜皮的小事就对伴侣大发雷霆时……,支撑我们肆无忌惮地向他们发泄负面情绪的不就是这句话吗？,就像零零发的妻子，丈夫冲她大吼让她滚，她转身依旧温柔：“老公你饿不饿，我煮面给你吃呀？”,不知道被一碗热汤面感动的零零发，是否记得妻子之前的话：“我只是一个血肉之躯，你每次都这样骂我，我不知道哪天我忍不下去了……”,“别人不懂我也就算了，你为什么也不能理解我！”,在亲密关系的争吵中，经常会听到这句话。,它解释了“为什么关系越亲近的人，越容易发火？”,换句话说，我们对于亲近的人，总是要求太高。,“因为我们关系亲密，所以你一定要比别人更懂我，更能包容我，更细心，更……”,事实上，无论是家人还是伴侣，他们都不是天然的爱人，更不是天然的债主。,在亲密关系中，单极思维会常常左右我们的情绪，让我们习惯性地将生活中受到的压力甩到最亲近的人头上。,之所以会有这种惯性，其中一个重要的原因是：我们把爱当成了不沟通的借口。,因为爱，所以一切的好都是理所应当；因为爱，所以一切伤害都必须被原谅。,但是，无所顾忌，不代表被伤害的人麻木无感；轻易原谅，不代表感情完好无痕。,虽然心中有爱，但这样的关系曝露在经年累月的伤害和沉默中，就像一道没有纱布保护的伤口，裂痕终究会越来越大。,积极的沟通是治愈裂痕最有效的方式。,１、描述你的观察；,２、说出你的感受；,３、表达你的需要；,４、明确提出请求。,例如：今天你和我吃饭的时候一直在玩手机（观察），这让我觉得自己被你忽视了（感受），我希望我们在一起的时候可以能多一点交流（需要），所以，以后吃饭的时候你可以不玩手机吗？（请求）。,注意，一定要具体明确地提出自己的请求。,“你能对我好一点吗”，是一个抽象的请求；,“我今天身体不舒服，我希望你能过来陪我”，这才是明确具体的请求。,越熟悉的人越不容易克制，但越亲密的人越需要珍惜。,不要用亲密感，去绑架爱你的人。,作家张佳玮提出过一个耐人寻味的问题：为什么华筝的十年比不过黄蓉的一天？,按理来说，华筝生得美貌，又与郭靖一同长大，二人朝夕相处，暗生情愫似乎顺理应当。,黄蓉不过与郭靖相处了一天，扮成脏兮兮的小叫花子模样，还骗光了郭靖身上所有的钱，二人不过是胡吃海喝一场。,就算是后来有小船上的惊艳亮相，但短短一天就俘获了郭靖的心，办成了华筝十年都没有做到的事，未免也太顺利了。,原著中有这么一段话：,华筝则脾气极大，郭靖又不肯处处迁就顺让，尽管常在一起玩耍，却动不动便要吵架，虽然一会儿便言归于好，总是不甚相投。,郭靖离开大漠，华筝见郭靖分别的时候没有半点柔情蜜意，竟气得举起马鞭，狂打猛抽，将马身上打出条条血痕。,由此可见华筝脾气暴躁之恐怖。,郭靖天资驽钝，师傅江南七怪对他又甚为严格，经常骂他蠢笨，所以他从小就缺乏认同，脾气暴躁的华筝公主显然并没有满足他对认同的渴望。,郭靖本来口齿笨拙，不善言辞，但在黄蓉面前，竟说得滔滔不绝，把自己诸般蠢举傻事一古脑儿地都说了出来。,黄蓉还经常在小事上夸奖郭靖。两人一起进王府偷药，越墙而入时，黄蓉会柔声道：“你的轻身功夫好得很啊！”,一个是每天跟你吵架，逼你迁就的公主；一个明明才华横溢仍从心底里欣赏你，对所有人说“这世界上不会再有比他更好的人”。,换做是你，你会选谁？,特蕾莎修女曾说，世人对爱及认同的渴望，超过对食物的饥渴。,对外人，我们可以言简意赅，点到为止，因为说多了别人会嫌你嗦；,但爱一个人，就是和TA在一起，说很多很多句温暖的废话。,一千句、一万句，其实都是同一个意思：,你特别好，我在乎你的感受，因为我爱你.",,DND7S3NL0001982T,,别把最坏的脾气，留给最亲的人_谈心社,http://news.163.com/18/0723/11/DND7S3NL0001982T.html,
"
                    （原标题：国家药监局负责人介绍长春长生狂犬病疫苗案件有关情况）
                ,
	,
	,
						,
						,
					,国家药监局负责人今天通报长春长生生物科技有限责任公司违法违规生产冻干人用狂犬病疫苗案件有关情况。,根据举报提供的线索，7月5日，国家药监局会同吉林省局对长春长生公司进行飞行检查；7月15日，国家药监局会同吉林省局组成调查组进驻企业全面开展调查。7月15日，国家药监局发布了《关于长春长生生物科技有限责任公司违法违规生产冻干人用狂犬病疫苗的通告》。,现已查明，企业编造生产记录和产品检验记录，随意变更工艺参数和设备。上述行为严重违反了《中华人民共和国药品管理法》《药品生产质量管理规范》有关规定，国家药监局已责令企业停止生产，收回药品GMP证书，召回尚未使用的狂犬病疫苗。国家药监局会同吉林省局已对企业立案调查，涉嫌犯罪的移送公安机关追究刑事责任。,按照疫苗管理有关规定，所有企业上市销售的疫苗，均需报请中国食品药品检定研究院批签发，批签发过程中要对所有批次疫苗安全性进行检验，对一定比例批次疫苗有效性进行检验。该企业已上市销售使用疫苗均经过法定检验，未发现质量问题。为进一步确认已上市疫苗的有效性，已启动对企业留样产品抽样进行实验室评估。,
,另据中国疾病预防控制中心监测，我国的狂犬病发病率近年来逐步下降。,药监局已部署全国疫苗生产企业进行自查，确保企业按批准的工艺组织生产，严格遵守GMP生产规范，所有生产检验过程数据要真实、完整、可靠，可以追溯。国家药监局将组织对所有疫苗生产企业进行飞行检查，对违反法律法规规定的行为要严肃查处。,负责人说，该企业是一年内被第二次发现产品生产质量问题。去年10月，原食药监总局抽样检验中发现该企业生产的1批次百白破疫苗效价不合格，该产品目前仍在停产中，有关补种工作原国家卫计委会同原食药监总局已于今年2月进行了部署。",央视新闻移动网,DNBFE69N0001899O,"
            2018-07-22 19:12:33　",国家药监局：对长春长生立案调查 责令停止生产,http://news.163.com/18/0722/19/DNBFE69N0001899O.html,http://m.news.cctv.com/2018/07/22/ARTIi3o8zGT714EkVQcvsRiy180722.shtml
"7月23日，星期一。,又是一个，为了提升PV不择手段的一天。,黑丝大长腿.........等等~好像哪里有些不对~,开场就是好几条大长腿，其实这是小编刚从外国友人那学来的经验！,说英国一档汽车节目为了照顾对内容不感兴趣的人群，于是.......,为了收视率直接放猫片，简直优秀的一匹！,所以，为什么不直接放奶猫的视频呢？,临时插一句：,据说，现在这仨货在重庆，重庆的车迷可能有福了。,不知道大家喜不喜欢猫，但长腿的漂亮小姐姐，我猜各位一定不会拒绝。,所以为了一刻的流量，今天的一刻将会出现好多长腿小姐姐！,“请买个大点的电视吧...”,有易友想看长腿小哥哥，东子我只能建议：多关注一下萧亚轩的新闻。,今天，一则萧亚轩约会鲜肉男视频被网友翻出，讲真台湾狗仔我是服气的！,
	,
	,
						,
						,
					,“神木与轩”？？？,哈哈哈哈，湾湾的新闻还是一如既往的好笑。咱们的娱乐媒体真该好好学学，这才叫娱乐新闻！,（油条测风切？？？）,（不懂人是恒温动物？？？）,一个比一个帅，还一个比一个岁数小！,我现在已经实名羡慕萧亚轩了，做女人做到萧亚轩这样，真人生赢家。（图：网络）,专辑不发，男友不停发！,求萧姐尽快出书，赶快救一救我们组，以二狗为首的落后单身女青年！,二狗：单身这么多年，现在看见条狗，都觉得眉清目秀的。,明星就是明星，大咖就是大咖，和网红之间还隔着一道墙呢，更不要说我们普通人了。,不知道哪位是萧姐的粉丝，刚刚那段调侃您千万别往心里去，毕竟爱豆的事儿没小事儿！,话说这位小刘，就是因为自己的偶像遭男友调侃，于是先是和男友大吵了一架，然后又拿起修眉刀割腕。男友要带她去医院，但小刘就是不肯，最后经过警察的劝说，小刘才同意跟男友去医院就医。,活不下去了，建议佛系自杀。,不割腕，不过量服药。,不上吊，也不跳楼。,我就要正常饮食。,正常睡觉，正常打游戏看动漫。,缘分到了，我自然会死。,可以分的事为什么要去死？,看来手腕上的伤要治，这脑袋上的也得治治。,找女朋友一定要找漂亮的，这样就算她作，你也觉得可爱。将就些找丑的，你会发现她不仅丑，还tm作。（网络）,一个不尊重别人的喜好，一个居然能为这种事儿割腕，建议两人都分了吧。,讲真，我现在特想知道小刘同学的偶像是谁？,我猜可能是坤坤粉，现在的女生太多喜好谢广坤的了！,不知道各位爱豆遭人调侃会怎样，反正东子我是一万个不开心！,今天小编我又找到了一个新爱豆：,啊啊啊，这么瘦还有胸还有腿，这是什么人间妖精！,【小调查】,你有爱豆吗，你的爱豆是谁？,前两天还爱着结衣，今天却又有了新欢，还好我女朋友够宽容。,话说江西宜春的李先生，有位多疑的妻子，不让他和别的女人说话、打电话，甚至餐桌上看到女人都不能笑........最近，更是一剪刀过来，直奔李先生的命根子.......,
	,
	,
						,
						,
					,一言不合就动剪刀，简直《不要和陌生人说话》的现实版！,这种老婆不离婚，难道要留着过年？下一题，下一题！,女人的第六感就是每天都怀疑男人出轨，直到真的有就灵了。不过我不怕，因为我离出轨还差两个女朋友。,常在河边站哪有不湿鞋，各位男士出轨这种事儿，各位还是三思后行切记切记。,不知道这位兄弟经历了啥，但我好想知道手机里到底有啥。,修复手术虽已完成，但恢复起来还有风险......替这位李先生感到心痛。,最近，不少网友分享了自己没有性生活后的经历，希望大家都用不上。,小时候以为人生是RPG游戏，有收获就有回报，认真打怪就能升级，早晚会成为一个高级玩家；,现在才发现人生是Roguelike游戏，充满了大量随机的恶意，你要做的只是生存的够久。就比如好不容易有钱买瓶药水，一鉴定发现还是假的。,人生有时候就是有这么多的突然，谁能想得到吃着吃着饭，人就突然就掉到坑里。,
	,
	,
						,
						,
					,一桌6个人全部掉坑里，只能说这还好吃的不是火锅啊！,参加婚宴遭此一劫，可能是见证了一场天崩地裂的爱情！,掉下去的几位可以吹了：上次我们真的把一个饭店给吃塌了。,别人家的饭吃多了伤胃，老板您的家的吃多了伤身啊。,天上不会掉馅饼，但这地下可真是――处处有陷阱。,餐厅地面可能有坑，餐厅里的食物，就一定是安全的吗？,近日，有记者对合肥市面上20元左右的烤鸭进行暗访，结果发现不少鸭子都来自这里.....,
	,
	,
						,
						,
					,养猪不吃猪肉，养鸡不吃鸡肉，养鸭不吃鸭肉。看来以后要给养猪的吃鸡肉，给养鸡的吃鸭肉，给养鸭的吃猪肉。简称：易粪而食！,黑心商人：懂了，以后冷冻鸭卖八十一只，这样你们就放心了。,当然，小编觉得这事儿，应该继续挖下去。,可能给鸭子的药也是假的，所以人吃了其实是无害的。,讲真，我现在觉得什么什么要都可能是假的，只有坏人“吃枣药丸”是真的！,吐槽归吐槽，但小编真心建议。,还是请专业的的检疫部门，得出专业的结论比较可靠，切勿通过引起不必要的恐慌。,自己人害自己的事儿见多了，但可劲的害孩子，就真的是你们不对了。,说上周五，药监局发布通告显示，青蛙王子某款防晒乳为不合格产品。,限用日期显示为2020年9月8日；而批件标示保质期为2年；由此推断生产日期为2018年9月9日！,这么快防晒乳也不行啦，现在的小朋友这么难吗？,如果说成长是升级打怪的过程，这本身听起来就很困难了，但是比这更难的是，我花钱买到的都是假装备。,20年前跑赢了上亿的兄弟姐妹就是成功，没想到20年后跑赢兄弟姐妹的都是来人间渡劫的。（网络）,有的国产货是质量有问题，有的国产货是脑子有问题 ?,国产安卓游戏主机开始预售，骁龙660，安卓8.1，真是可怕。@魔狸sa_Ataraxia,买主机玩手游，真是有想象力！（ps:电扇开关....）,只是这游戏鄙视链.....,不懂啥叫外形和PS4有些相似，分明就是一毛一样好不好！买台只能玩手游的主机，那个带通讯功能的手机，要不要了解一下！,啥才叫用户满意的好产品，楼上邻居最喜欢的拖鞋 ???，对面的设计师可以了解一下。,虽说，这游戏机满满的槽点，但听说胖嫂还是打算给胖编分期入手一台。,虽说我是挺不理解，但胖嫂却表示：啥好用不好用，省钱最重要。,胖嫂：现在的钱不好赚啊，以前觉得3块钱一个的kfc脆皮甜筒很奢侈，现在好不容易挣钱了，觉得可以接受了，才发现已经涨价到6块了。,开始我还挺心疼胖编，但回想起胖编胖嫂的爱情故事，东子我也就释然了。,为了省钱，啥事儿都敢干。这位大哥，我现在有点懂你了。,说在武汉江夏区汤逊湖，一男子被困湖中，民警、消防紧急出动将其营救上岸。原,来，男子钓鱼时被一条大鱼拖走了鱼竿，便跳湖追逐，结果体力不支被困湖中。男子称鱼竿有点贵，1200多元。,光心思鱼干值1200？,大兄弟，你没心思心思你命值多钱呢？,这事鱼可以吹一辈子了~,鱼：听说有人要钓我，当时我就笑了？你懂钓鱼吗！,同样都是出来玩，除了要注意自身安全，更要注意自己的言行。,最近，在上海迪斯尼乐园，一名游客敲击小熊头部视频被曝光。前一日扮演花栗鼠的演员刚被打成脑震荡，隔天再次发生此事，真是让人看了很气愤！,
	,
	,
						,
						,
					,景区内乱扔垃圾，东拉西扯破坏植被，现在还动手打人家的头，咋这么多人管不住自己的猪蹄子！,看来暴躁的米妮，你有必要了解一下！,
	,
	,
						,
						,
					,暴躁米妮在线发火：“让我看看是哪个XX，在往我这儿滋水！”,善待别人，别人才会善待你。,最近，日本一家居酒屋给啤酒的定价规则引发了网友热议……按客人说话的语气定价，各位怎么看？,对服务人员要礼貌，希望各位都有点B数吧。,不知道各位怎么看，反正东子我是蛮喜欢。,讲真，我这么有礼貌的人，我能让老板倒贴钱请我喝酒！,不信？爹，我想喝酒！,今天的一刻先到这里，东子要下楼吃个便餐。,结尾福利，黑衣白衣哪个你觉得更赞？我们下期见。,本期情感问题：【男友和哥们儿比跟我更像一对】,上期情感问题：【做梦和室友们发生了不可描述的事情，无法直视室友了】,【更多精彩内容请关注微博“曲大师O_O”，情感问题欢迎投稿】,【小编吹一吹】,文章结尾不结束，看推荐接着走起。,本期值得小编“一吹”的文章是：,曲一刀（公号：qingsong_163）出品的：,轻松一刻语音版（公号：轻松一刻语音版）出品的：,跟小编“深入浅出”交流，欢迎加入：曲一刀粉丝群：516324051,易友们，你觉得他们的年龄差是多少？,上期答案UP！你别想娶二狗啦~,易友们快来吐槽吧！,上期吐槽UP！,得去提醒胖编小心蚊子了,现在的易友都进化了，不用架锅点火，自己就能熟了,那我们下一期的素材就是《易友投资P2P，惨雷20块》,（所有栏目内容推荐均撷取自网友的智慧言辞，仅出于传递信息的目的，不代表网易官方声音。),
",轻松一刻工作室,DNDUNK3B000181BR,"
            2018-07-23 18:18:19　",轻松一刻：为了流量这么玩，你们简直无耻！,http://news.163.com/18/0723/18/DNDUNK3B000181BR.html,#
"北漂三年，无数人在钢筋水泥混凝土搭建的牢笼中，把自己活成了低欲望人群。,正如电影《Liberal Arts》中说，,网络上，有人这么形容自己如今的生活：比起佛系，更像丧尸。不上班、不社交、不恋爱……对生活毫无欲望，人生漫无目的。,这群人，被统一称为丧尸系青年。,工作生活，如同行尸走肉，拥挤在人群中，麻木度过每一天；对异性也兴趣渐减，不想结婚生子，觉得一个人也挺好。,一则短片中，展示了一段都市白领上下班的疲惫状态，片中的白领青年全程睡眼朦胧，躺着工作和生活。,有些夸张，可如今不少年轻人的精神状态，大抵如此。,低欲望的25岁，不少人有这样的特质：,承认自己没有梦想，是个凡人；,有喜欢的人，却不再心动；,喜欢独处，相较于两个人一起生活更想做单身狗……,生活没有欲望，就会过得很敷衍。,比我们更早进入低欲望社会的邻国日本，关于此的讨论也一直没停过。,日本管理学家大前研一在其著作《低欲望社会》里指出，所谓低欲望社会，就是指作为社会主体的新世代不愿再背负风险和债务，丧失物欲、成功欲、结婚欲、生子欲、甚至是性欲，,“无论物价如何降低，消费都无法得到刺激；经济没有明显增长，银行信贷利率一再调低；年轻人丧失物欲和成功欲，对于车和奢侈品嗤之以鼻；‘宅’文化盛行，一日三餐因陋就简。”,生活在高福利社会的日本青年，看似很幸福，其实已被钉死的生活和无法挣扎的人生，打磨掉了所有锋芒和欲望。,日本市场调研公司2017年底，针对日本年满20岁的新成人群体，发起过一次调查。结果显示，,谈起结婚生孩子，更是奢望。日本关于生育率的一份报告里提到，,2017年，日本新生儿94万人，全国人口自然减少40万，创自1899年有数据统计的新低。,不愿意背负巨额房贷，没钱结婚，面临巨大养老压力，不敢享受生活的年轻人，丧失了物欲和消费信心，只能在游戏和影视中找到些许慰藉。,于是这一代日本年轻人，理所当然成了其他人口中的“平成废宅”。,在讨论“丧尸系青年”的评论区，许多网友这样写到：,“这就是我的人生。”,“复制过来就是我”……,现实的巨大压力下，一部分中国的年轻人正变得更胆怯：不爱、不婚、不生、不买房、不消费。,中国人民大学教授潘绥铭的调查发现，如今27-35岁的人当中，无论男女，有10%的人从来没有过性生活，并且这一数字还在持续上升。,性在逐渐解放，男女交往的欲望却越来越低，这和连年下降的结婚率、新生儿出生率一道，大概是低欲望在中国的最真实写照。,就像日剧台词说的：,作家马家辉曾在《圆桌派》里说：什么是贫穷？你的欲望比你的收入多一块钱就是贫穷。,物价一涨再涨，工资却不见涨。,这个热门话题戳痛了无数年轻人。,某研究院的数据显示，中国部分一二线城市，每平米房屋均价，已是月平均收入的三到七倍，即使收入水平达到平均值，全年收入不够买一个厕所，也是所有人必须面对的现实。,HSBC发布的《2017全球教育报告》提到，中国大陆一个孩子的平均教育支出为42892美元，位列全球第五。,工资和日常所需不匹配，消费娱乐的欲望不得不一降再降。,他们可能是最能体会失败的一群人，在求不得和做不到的现实中，已经逐渐麻木。,所以他们不是愿意低欲望，是愿望实现不了。,“工作要努力才能完成，不如直接放弃做点别的”；“赚钱太累了，先低头玩会手机吧”……,遇到困难先逃避，什么责任都不想担，是许多人的日常。,喜欢待在舒适区，不愿奋斗本质上是,――以极窄的视野思考问题，进而忽略了一些更重要和更长远的事情。,人生不可能总待在安全的地方，看得远才能走得远。,社科院发布的绿皮书显示，2017~2018年国人除去工作和睡觉，平均每天休闲时间为2.27小时，较三年前的2.55小时还有所减少。,这一数据不到欧美的一半，大城市居民每天休闲时间更少，深圳、广州、上海、北京居民每天休闲时间分别是1.94、2.04、2.14和2.25小时。,每天不是在上班、加班，或者在去工作路上的青年们，大概也抽不出时间思考未来。,丧尸系青年们带着的，也不全是负能量。,有个叫“抠门男性联合会”的豆瓣小组，口号就是：“我们抠不是因为穷，我们就是抠”。,不常消费，拒绝商家的狂轰滥炸，平时一起在小组内探讨各类省钱攻略。,这样的行为，可能是青年人理性消费的外显。,欲望对每个人都很重要，年轻人无梦想无干劲，绝不是好事。,蔡康永在《痛快日记》中写道：,我大概从看戏这件事里，得到了一些免疫力，不再把欲望，当成有损尊严的东西，我学会辨识生命中热力的来源，学会痛苦可能比快乐更珍贵，学会欣赏徒劳无功之人生的精彩。”,但同时也必须承认，不是每个人都要过符合世俗眼光的生活。,就结婚问题，新华社曾在日本街头采访过一位四十多岁的工薪阶层，这位大龄青年告诉记者，,前段时间在网络刷屏的俞飞鸿，也因“两个人的孤独，不如一个人的狂欢”这样的观点，引发无数单身青年的共鸣。,我们身边总有不如意，但比起逃避，不如化为前进的动力。,就像一部外国短片中提到的：,如何掌控生活？Laura Vanderkam 在TED演讲中，给人们提供了关于掌控生活的具体方法：,相信岁月不会辜负努力的人，",,DN5GOATF0001982T,,90后的幸福人生：27岁没存款、无社交、不恋爱_谈心社,http://news.163.com/18/0720/11/DN5GOATF0001982T.html,
"
                    （原标题： 我是上级！安监队长疑违停城管劝阻被骂）
                ,
	,
	,
						,
						,
					,
,近日海南三亚。“安监支队长违停还叫板城管”的视频热传。国际旅游岛商报消息称，当事双方为市安全生产稽查支队队长和区城管局执法队员。安监局人员回应澎湃新闻称正调查。",澎湃新闻,DMFDC4SC0001899N,"
            2018-07-11 21:37:45　",安监支队长违停被城管警告后质问：你能警告上级？,http://news.163.com/18/0711/21/DMFDC4SC0001899N.html,https://www.thepaper.cn/newsDetail_forward_2256871
"几年前，一句“宁愿坐在宝马车上哭，不愿坐在自行车上笑”，把“拜金女”送入了人们的视线。,国产影视剧里，有不少拜金的女性角色。,一些“天价彩礼”的新闻，让人们看到了许多拜金的女性和她们的家庭。,“女人在婚姻中是比较物质的一方”，似乎成了大多数人默认的观点。,知乎上有个问题：“男性是否会在意女友的家境”。,高赞回答里，几乎都认为“会在意”，且有人指出，不仅会在意家境，还会在意相貌、学历、事业、发展潜力等等。,越是优秀的人，越是在意得多。,男性挑另一半，对物质条件的在意程度，绝不亚于女性。,有网友在微博求助，她出身于一个农村家庭，凭借努力刻苦，大学时得到机会去美国做交换生。,她在美国遇见了男朋友，对方家境富裕。,男朋友问过她家里的情况，她只敢打哈哈糊弄过去。,男孩母亲对她非常不满意，因为她“出身不够体面，成长教育差别太大”。,@北美吐槽君,“任何一个我中意的男生，我的经济条件、家庭背景都和对方都相差甚远，是一个一直存在的问题。“,其实她自身样貌不输人，接受过高等教育，让她感慨，仅仅是因为不够优秀的原生家庭。,父母已倾尽全力给了她最好的一切，可差距不会消失。,网络上流行过一句话：“娶个有钱人家的女儿少奋斗二十年。”,“她不缺钱，所以既不用担心她是冲钱来的，又能对我的事业有帮助。”,许多男性，除了关注女孩的外貌，越来越多地开始关注她们的其他“价值”。,作家肥肥猫曾细数了他身边“优质男生”都是通过哪些细节去“淘汰”一个女人。,其中包括女孩的皮肤状态、牙齿、发质、配饰以及气质等等。,“20岁肤白貌美是凭借年轻，30岁以后还要维持，要么生活无忧，要么重金护肤。”,经济实力强，意味着她不会在事业上“拖后腿”，有可能成为事业助力。,良好的生活状态、个人修养，既能提高婚姻生活质量，也会对下一代带来有利影响。,股神巴菲特说，他曾经和最漂亮的女孩约会，只是终究没能跟她走进婚姻殿堂。,他说：“人生最重要的决定是跟什么人结婚，选择伴侣错了，损失的不仅是金钱。“,强强联合，不为生计忧虑，才有机会共同进步。,在电视剧里，经常能听到女主角含泪说：我什么都不要。,被感动的观众“肃然起敬”：能为他放弃一切，是有多爱啊？,生活中，有不少女人愿意为爱人、为家庭放弃工作。,湛江的全职妈妈江丹原本是知名大学的毕业生，但做了6年全职妈妈后，去年9月她再找工作时，屡屡碰壁。,“你在家带了这么多年的孩子，没有工作经验啊！”,直到现在，她也没能找到合适的工作。,虽然牺牲了个人和事业，换来的却不是尊重，更有甚者，婆婆和丈夫还会埋怨：“你又不上班。”,两个人恋爱的天平极度倾斜，最后的结果往往就是一拍两散。,更何况，男性的背后，还有他的父母。,“门当户对”是大多数中国长辈心中不能违背的婚姻铁律，如果两个人的“硬件”条件不般配，感情很难获得长辈的祝福。,《2014中国人婚恋状况调查报告》显示，有近三成的单身者曾因父母干涉分手。,其中，男性的比例比女性高6.1%，说明男方父母更加严格。,电视剧里那些不顾父母反对的戏码虽然动人，现实世界里，大多数人很难忽视父母的意见。,《当婆婆遇上妈》剧照,面对男方及其父母的挑剔和质疑，有的女性会祭出杀手锏：爱。,她们信奉“爱屋及乌”的真理，认为“你既然爱我，那就该包容我的穷”。,然而，在某婚恋交友平台的一份调查问卷中，有一个问题是：是该选择合适的人结婚，还是该选择你爱的人结婚?,这个问题看起来似乎有逻辑硬伤，却反映出了现代人婚恋观的一个现状：,调查结果显示，有超过40%的人选择了“因为合适”，和选择“因为爱”的人比例相近。,随着现代婚姻模式的变化，“男主外，女主内”的传统渐渐被“夫妻共同承担”所取代。,《中国家庭发展报告2016》显示，20世纪80年代之后，中国相同和相近文化程度的男女婚姻匹配比例显著提高。,女性教育水平、收入水平和性别平等意识普遍提升，对丈夫的经济依赖减少，夫妻的地位与分工更加平等与灵活。,婚姻的幸福感主要来自于自身在婚姻中的成长，而不是为了家庭牺牲、委屈。,不论性别，一个幸福的人生是所有人的追求。,当一个男性已经足够优秀，他对伴侣的挑剔与要求势必会变高：凭什么我那么努力，只能找个“拖后腿”的对象？,《金粉世家》中，富家公子金燕西为了追求贫家女冷清秋，用尽各种办法，送衣物、请看戏、出入接送……渐渐打动了冷清秋。,两人结婚后，金燕西仍然不改纨绔本色，没有工作只知拿着家里的钱鬼混，出身贫寒的冷清秋在金家总是被富家太太们嘲笑，两人之间矛盾重重，她渐渐看清了他们“不是一个世界的人”。,婚姻最终以悲剧收尾。,《金粉世家》剧照 / 视觉中国,双方自愿让渡部分利益，一起抵御生活中可能遇到的种种风险。,恋爱可以风花雪月，不知柴米油盐贵。,婚姻必须精打细算、权衡利弊。,毕竟，结婚要选择的是人生的“合伙人”，谁不想找一个自带资金，实力过硬的呢？,90年代的香港娱乐圈，富商身旁，经常站着一个出身一般，相貌出众的女孩――男财女貌，各取所需。,凯特王妃出身于商人家庭，和出身王室的威廉王子相比，家庭差距甚大。,但她是学校的优等生，喜欢运动，而且热爱艺术，无论是学业还是自身气质修养，凯特都展现了自己的魅力。,有时，即便家庭一般，只要不会“拖后腿”，且女孩自身足够优秀、发展潜力无限，同样可以吸引“更优秀的男性”。,但如果女孩和她的家庭，会成为负担，想必许多人都会“望而却步”。,《新相亲时代》里有一位女嘉宾王丽茹，出生在一个重男轻女的家庭里。,在深圳独自奋斗的她，承担着家庭重担，为父母治病，为创业失败的弟弟还债。,观众心疼这个女孩，也为她这样的“扶弟魔”行为感到不值。,还有一种“负担”，来自于女孩个人。,一些女孩，被鼓吹女性至上和消费主义的自媒体洗脑。,她们信奉“不给我花钱，就是不爱我”，男生就要给女朋友买名牌口红、名牌包包，否则就是渣男，女生就应该无条件地被宠着捧着。,如果说谈恋爱时，这样的任性尚且算是可爱。,但是不愿意独立成长，将一切都依附于对方的女孩，真的适合婚姻吗？,点破婚姻的本质，不是为了否认真爱的存在――恰恰相反，正是因为婚姻现实，才要提升自我。,不要在山脚下的时候，就想走捷径，期盼能有一个人开着直升机带你飞上山顶。,靠自己一步一个脚印攀爬上去，能看到更多的风景，也能得到更多的尊重。,愿你成熟独立有思想，爱情来不来，都是最好的自己。,想要在第一时间收到槽值文章的推送，欢迎关注我们的公众号，搜索“槽值”或者“caozhi163”就可以啦。,微博@槽值，有态度的情感吐槽，等你来撩。槽值已入驻简书专栏，下载简书app阅读更多。",,DN41F6G9000181TI,,“抱歉，我不想和穷女孩结婚”_槽值,http://caozhi.news.163.com/18/0719/21/DN41F6G9000181TI.html,
"明人不说暗话，我快要热死了！！,兄弟们，你们那儿最近气温如何？,明儿个就是大暑，一年中最地狱的时节即将到来！挺过大暑，秋天就不远了！,夏天还不光是热，关键还有蚊子！,昨儿晚上我在公园遛弯，遇见个拿着电蚊拍散步的大爷，那一路，好家伙，噼里啪啦的，好比拿着菜刀砍电线，一路火花带闪电。那个拍子上，沾的是整个公园人的血啊！,不过今天，我终于找到了自己招蚊子的根源――因为我智商比较高。,据麻省理工大学的团队研究发现，因为蚊子叮人是母蚊子为哺育后代而为，所以为了后代质量，母蚊子会通过它发达的触角挑选智商高、身体好、学历高、收入高的人优选叮咬。因此如果和朋友在一起时你总是更容易被蚊子咬，那只能证明你比你朋友更加优秀。,哦对了，以上报道，来自洋葱日报社。,有的地儿烈日当空，有的地儿狂风大作。,今儿个中午，今年第10号台风“安比”登陆上海崇明岛沿海，登陆时中心附近最大风力有10级，中心最低气压为982百帕。魔都结界，终究还是破了。,上海的易友，你那儿下雨了吗？,安比登陆前晃晃悠悠好半天，一度以为普陀山又显灵了，没想到还是让它得逞了。,结界:就差一点。,它能登陆是因为它只是个强热带风暴……它要是强台风的话上海结界断不会放它进来。,据悉，上海市交管局紧急出台了限行措施，禁止“安比”从上海登陆，禁止安比进入市区道路通行。安比一急之下转身北上…,“安比”可能是手头不宽裕，犹豫半天只能买个沪C。,最近看见这么个东西↓2017年全国35个重点城市人均可支配收入排行榜。大家感受一下。,（阑夕）,实不相瞒，跟我设想的不太一样。这加在一块也赶不上知乎特别行政区的平均水平啊。,最近P2P理财平台不是很多都爆雷了么？不过我就没这个烦恼，因为根本没财可理。看来没钱也是有好处的。,至于闲鱼...我觉得你错误地估计了我的消费水平...推荐个二手男朋友还差不多...,突然很想调查一下，20元钱，在你的城市可以做什么？,人一穷，就需要鸡汤。特为大家奉上几碗谷歌毒鸡汤，文锋犀利，一针见血！,（网易漫画）,喝完毒鸡汤，努力工作赚钱才是正道。,男子小谢是个游戏爱好者，偶然发现游戏外挂有利可图，于是高中毕业的他，通过自学编程，建立“内测群”提升“用户体验”的方式，出售超过20个版本的“王者荣耀”游戏外挂，因此被捕，被判有期徒刑一年零仨月，罚了两万块钱。这也是国内第一例因为游戏外挂而入刑的案件。,游戏开挂这个事儿，自个儿开是缺德，拿来盈利可就是犯法了。,不过高中文化自学编程写外挂...这哥们儿很励志啊！,果然能进去的个个都是人才，游戏能带飞，说话又好听！,有眼光，又努力，要是入对了行，妥妥是个人才啊！,都不说别的，换个行当，不就不用坐牢只需要道歉了么。,如果说成长是升级打怪的过程，本身听起来就很难，比这更艰难的是，花钱买到的装备是假的。,生存不易，望设计师们惠存。,生活不易，码农们看过来！,悉尼小伙John，以前也是个软件工程师，工作体面又多金，直到碰上金融危机。走投无路的他，选择了转行，成为一名...鸭。如今45岁的他对工作很满意，每小时收费350澳币，每一晚则收费1500澳币。而且这份工作让他很有成就感。,这难道就是传说中的...软的不行来硬的？,程序员下岗再就业指南，这样看来，敲键盘的技能也算没白练。,港真，这跟我对码农的印象不一样！45岁还有这样的体力！难得啊！,这告诉我们，身体是革命的本钱！只有身体好，才能跟生活的撞击正面肛！,再看看咱身边的当代青年，如果没有鼻炎、口腔溃疡、荨麻疹、偏头痛，是不是可以说非常幸福了？（小野妹子学吐槽）,如果恰巧再不近视、没胃病、不痛经、不脱发...简直就是人生赢家啊！,说陈赫和徐峥一起参加节目，陈赫说徐峥化妆太慢，徐峥说我粉底得打到后脑勺...,所以...山争哥哥剩下来的洗发水钱，全买洗面奶了吗？,你想象中的血小板VS你实际上的血小板。现实永远这么残酷。,一网友小姐姐，偶然看了念初二的妹妹的生物课笔记，整个都是聊天群组画风，还分了角色，个个都一身是戏。,不仅理解过程，还编成对话。很不一样的学霸了。工作细胞既视感。,（小柔SeeU）,要想有副好身板，得靠啥？运动！,山东枣庄有位孙奶奶，今年73了。奶奶年轻的时候是市篮球队的，现在还坚持每天打球，和年轻人组队打球依然能轻松上篮。见球友多半离世，奶奶感慨：“必须得锻炼。”,
	,
	,
						,
						,
					,球友多半离世。。。可能这就是我不打球的原因吧。,我们枣庄老年人都占着篮球场... ...打篮球！,有点儿好奇，这要是篮球奶奶在篮球场碰上广场舞大妈…谁让谁啊？,还是在山东，男子袁某被广场舞的噪音实在逼得没招了，竟然开车驶向小区广场舞人群，转圈驱赶群众，还在业主微信群发布“再广场扰民直接撞死“、“我家六个车都是全保，够撞死18个人”的言论。,据说，当时袁某是跟媳妇吵了架，又对广场舞噪音不满，才一气之下开车闯广场。,虽然说广场舞有时候确实扰民吧，但你这也太极端了！而且一看就是跟媳妇吵架受气了的成分大一点吧？所幸没有人员伤亡，不然可不是拘留几天那么简单的事儿了。,不过倒是建议上了年纪的阿姨婶子、叔叔大爷们，找点儿不扰民又健康的娱乐活动。如果觉得打篮球太激烈了，可以选择踢足球嘛。,看看咱国足老哥的身材，是不是有种快乐足球的赶脚？,这是中国女足。,以后不要骂国足，男足就是男足，女足就是女足。要分开说。,与之对比，这是2002年的国足球员。,我错了！我错怪了2002年那波国足将士了！当年的嫌弃，如今对比下却反成最佳了！,现在这一拨，就有一种来啊哥们明天踢场球啊踢完一起撸串去的氛围！,白斩鸡,还有这皮肤，比我还白，细皮嫩肉的，老哥你们平时都没有体能训练的么？,其实也不能说男足就不行，听说中国盲人男足也是拿过冠军的。那这么看，咱除了国家男子足球队以外，别人好像还都挺厉害的？,同样是球星，C罗最近也扯上点事儿。,有位翻译在网上爆料，称C罗做客高晓松的节目《晓说》，闹了点不愉快，双方“不欢而散”。,对于这个事儿，高晓松方面是这么回应的。,你觉得这个事儿是谁的问题？,矮大紧确实不是体育圈的人，搬出克林顿啥的也是挺尬，但C罗参加的就是矮大紧的节目， 理所应当得人家来访谈，说要找美女或者翻译自个儿上，这不是本末倒置了么？,还动不动就说找个懂球的来问...你让郝海东跟C罗谈笑风生，当面说你C罗最多火三年，你看看C罗啥反应？,02年韩日世界杯，中国队0:4不敌巴西队，赛后郝海东和罗伯特卡洛斯交换球衣。18年，卡洛斯在接受采访时说，那球衣我还保留着，放在巴西的一个私人博物馆里。而郝海东在一个节目上说，他都扔在地上，然后就走了……,这个事儿，双方都是工作邀约，工作上各司其职，不管相处与不愉快，都检验不了任何人的人品，只有这翻译，人品是真不太行。医生、律师、翻译、私人助理、司机等这些注定会看到、听到病人/当事人/雇主等隐私的职业，其职业操守必然包括不“八卦”和“晒”。,从他这轻浮劲儿也能看出来，平常应该没接触过啥大人物。一接待名人，不自觉就飘起来了，生怕大家不知道。,别的不说，找个美女主持那句话，矮大紧说得对啊，这是对C罗的侮辱吧...当然，更是对高晓松本人和女性的侮辱。,要不咋说呢，不怕神对手，就怕猪队友。本来啥事儿没有非得站出来坑一波，一说气人不气人？,江苏90后小伙小李，买了100多部淫秽视频，看完后报警称：“太多了我怕犯法”，还举报了上家。,兄弟，借一部说话？,这种行为当然是正确的行为，这觉悟，不知道的还合计是卧底呢。,这不是典型的撸后嫌人丑吗？进入贤者模式以后六亲不认。,小李，戒色吧了解一下？,而且小李买这些小视频是花了钱的，前前后后四五百块。这么一想，能花这么多钱买这东西的脑子本来就不太正常，报警也在情理之中了。,据我推断，小李可能是单身许久，过于单纯了...,一个人吃肯德基KFC，防止被清洁阿姨收盘子的绝佳方法，都是痛了之后的领悟。,用这种方式表白，听说成功率会高一些？,假如有妹子11点前给你发消息: 我先睡了。,翻译: 你是个好人，所以我要给其他几位坏男人发几条消息了。,爱情中的攻防转换，令人窒息！,【轻松一刻提前问】如果前任邀请你参加婚礼，你咋整？,没看过前任攻略吗？回一句：下次去。多简单！,仔细想想，清宫戏里是挺乱的？好大一出家庭伦理大戏啊！,还得是张国立老师，自从自个儿当了导演，邓婕就再也没演过别人媳妇。,所以说，找到一份与同事“亲如一家”的工作是多么重要！想跟轻松一刻的小编们成为相爱相杀的好胖友吗？巧了！本台“动画导演”正在热招中！,如果您就是传说中“学了三年动画”的朋友，欢迎来人来函以及来而不往非礼也之洽谈！,以上就是今天的轻松一刻，想加入的易友，编辑部的大门在向你敞开呦！~,本期情感问题：【做梦和室友们发生了不可描述的事情，无法直视室友了】,上期情感问题：【女友老趁我睡觉给我化妆】,【更多精彩内容请关注微博“曲大师O_O”，情感问题欢迎投稿】,【小编吹一吹】,文章结尾不结束，看推荐接着走起。,本期值得小编“一吹”的文章是：,曲一刀（公号：qingsong_163）出品的：,轻松一刻语音版（公号：轻松一刻语音版）出品的：,跟小编“深入浅出”交流，欢迎加入：曲一刀粉丝群：516324051,易友们，能看出来这是哪个字吗？,上期答案UP！,易友们快来吐槽吧！,上期吐槽UP！,没有错，这才是正解，并不是前程似锦，继往开来,人家已经辞职考研了，计划一家人全都清华北大，并没有心理阴影哦。,这就是一个人的素质了。,（所有栏目内容推荐均撷取自网友的智慧言辞，仅出于传递信息的目的，不代表网易官方声音。),
",轻松一刻工作室,DNBBPJ7P000181BR,"
            2018-07-22 18:08:52　",每日轻松一刻：啥？打游戏开挂都得坐牢了？,http://news.163.com/18/0722/18/DNBBPJ7P000181BR.html,#
"大家好，人间食堂的老板回来了！！！！重新开业！,最近，录取通知书下来了。,不知道大家高考的成绩还理想吗？能如愿上自己想上的学校吗？最终能和喜欢的人上同一所大学吗？,是不是很想捂住我的嘴，别说了。不管怎样，大学只是人生路上的一站，要相信，在往后还有很多次机会可以改变未来。,本期也是一个关于高考的故事。,有时候，自己和喜欢的人之间，有着一道无法逾越的鸿沟啊，可能是天赋，也可能只是运气。,关于高考，大家有什么想要分享的故事吗？希望能在评论里跟我们分享。下一期，说不定你就是漫画的主人公！大家也可以在评论里给一些关于美食漫画方面的建议，想知道你们喜欢什么样的故事。,
",网易王三三,DN9DGEGI0001885B,"
            2018-07-22 00:00:21　",她终于去了我想去的大学,http://news.163.com/18/0722/00/DN9DGEGI0001885B.html,#
"那边厢《我不是药神》方兴未艾，这边厢《邪不压正》也来凑暑期档的热闹了。,这部光是剧本就历经“三年三改”的新片，被评论界盖上了姜文“民国三部曲”之终篇的印章，但姜文本人在接受采访时表示，《邪不压正》的构思要早于他的上一部电影《一步之遥》，不过因为“不想拍糙了”，便放缓了脚步。,那么到底这种打磨有没有得到市场的认可呢？上映两天票房2.27亿，豆瓣评分7.2。只能说，略好于《一步之遥》初上映时的情况。,如果说观众对《让子弹飞》是似懂非懂，对《一步之遥》是不得其解，那《邪不压正》的观赏性大概是介于二者之间的。,显性的家仇国恨，好懂得很。,但这当然不是姜文所要表达的全部。,《邪不压正》也不例外，只不过比起前作的父性话题，本片要强悍多了，因为主人公李天然有3个爸爸。,李天然的第一个爸爸，是三岁那年抱养他的师父。当李天然长到13岁，师父一家被师兄朱潜龙联手日本武士残害殆尽。,李天然侥幸逃生，遇见了他的第二个爸爸――美国人亨得勒，他于是转换了身份，变成“小亨大夫”。美国爸爸为了阻止李天然被政客蓝先生利用，被蓝先生从城楼上摔下致死，李天然听信蓝先生的谎言，认贼作父。,李天然的身世设定，像极了狄更斯《远大前程》的主人公匹普。,这两个无父的孤儿都对自己的助养人有着美好的信赖，结果却发现其实另为他人，对于匹普来说，那是他童年偶遇的逃犯，而对于李天然，则是杀死大亨大夫的蓝先生。,所不同是，李天然对父亲的渴望远比匹普要强烈得多。当他救下奄奄一息的蓝先生，还是忍不住泪水潸然地问：到底谁才是我爸爸？,仿佛唯有将自身与家族谱系串联，方能获得存在的理由。,姜文在《邪不压正》中还用朱潜龙与所谓“祖先”的画像合影狠狠取笑了一番这种心理，这大概是他作为大院子弟在“不破不立”的特殊时代所形成的价值观。,而这一次，他也给出了明确的答案，借着蓝先生一息尚存：你先别管你爸爸是谁了！你该有你自己的儿子了！,这个民国ABC终于不再踟蹰犹豫，一脸懵懂。他明白他的三个爸爸都不能给他指路：师父因循守旧，只想把女儿许配给天然从而肥水不流外人田；美国爸爸有心无力，因为他自己都受助于蓝先生；蓝先生总想着下一盘大棋，却没料到自己也成了一颗棋子。,由此可见，姜文通过《邪不压正》，与其说是献给他自己的北京情结，不妨说是给历史的一个来自未来的告慰――当然这是马后炮式的。,静谧的四九城，矫健的身手翩然掠过，将天空掀起阵阵涟漪，为武侠题材中司空见惯的飞檐走壁增添了新的美感。,据说影片为了还原连绵不绝的屋顶实景，在云南搭建了四万平米的屋顶世界。,李天然和巧红在灰瓦屋顶的追逐跑动，将侠风柔骨演绎的酣畅淋漓，仿佛在提醒观众，对于高处的视野美，可以不仅仅依赖无人机的航拍来获取，“上房揭瓦”也能尽兴。,李天然藏匿的钟楼，也是一处高处空间，而他带领巧红穿梭其中的画面，颇有电影《雨果》钟楼片段的浪漫情怀。,据介绍，为了抹去彭于晏身上的偶像光环，姜文让他高强度的锻炼直到让他顾不上考虑形象问题。而彭于晏，这个自从拍摄《翻滚吧阿信》、《破风》等运动题材影片以来有求必应的敬业演员，也贡献了人如其名的业务发挥――一个天真、纯然又热血的青年fighter。,李天然这个角色的成功，除了彭于晏本身的努力，也离不开一众优秀演员的相持。最应该被夸奖的莫过于饰演朱潜龙的廖凡了。,这个既能在徐皓峰导演的《师父》中演出正义凛然的武侠形象，也能在《邪不压正》中又将奸邪两面精准呈现的柏林影帝，实力演绎何为好演员的可塑性。,和《药神》相比，《邪不压正》不具有争议性的现实导向意义，恐怕也会因为它神经质和无厘头的姜式诙谐被视作喜剧，谁让导演连自拍、监控摄像、动感单车甚至影评家都安利给了民国。然而，炎炎夏日，但笑何妨？,
",网易王三三,DNE58BI00001885B,"
            2018-07-23 20:12:19　",《邪不压正》：彭于晏和他的三个爸爸,http://news.163.com/18/0723/20/DNE58BI00001885B.html,#
"7月16日，中国在世贸组织就美国301调查项下对我2000亿美元输美产品征税建议措施追加起诉。,商务部新闻发言人就美方公布拟对我2000亿美元输美产品加征关税清单发表谈话：美方以加速升级的方式公布征税清单，是完全不可接受的，我们对此表示严正抗议。美方的行为正在伤害中国，伤害全世界，也正在伤害其自身，这种失去理性的行为是不得人心的。,新华社评论员：美方公然违反世贸规则，采取最大规模单边贸易限制措施。这种不义之举，遭到国际社会普遍反对。",人民日报,DMRLKCIG0001875N,"
            2018-07-16 15:52:56　",美拟对华2000亿美元产品征税 中国在WTO追加起诉,http://news.163.com/18/0716/15/DMRLKCIG0001875N.html,https://app.peopleapp.com/Api/600/DetailApi/shareArticle?type=0&article_id=1974045
"不论你有没有看过，相信你都已经知道，这两天有部电影还没上映就票房过亿，豆瓣评分9.0超过98%的同类型片，甚至成为了本世纪唯三豆瓣评分突破9分的华语电影之一，另外两部是《鬼子来了》和《无间道》。,这部电影造就了史无前例的“未映先爆”，一部分是源于其自身的票房策略，另一部分原因则是包括了很多电影 / 媒体人在内的观众群体在观影结束后自发地在社交平台对这部电影进行的二次传播。,总之，《我不是药神》绝对算2018年的一部现象级口碑佳片了。不仅让新人导演文牧野通过这部处女作（没错，这是这位导演的处女作长片）一炮成名，而且让主演徐峥摆脱了长久以来以秃头示人的刻板荧幕形象。,从《印度神油》到《中国药神》再到如今的《我不是药神》，这部两度更名的影片其实取材于一个发生在中国的真实事件。,时间倒推到2004年，吃了2年正版药“格列宁”的慢粒白血病患者陆勇，通过网络得知了一种价格只有正版药1/8的印度仿制药，正版药一个月要花两万多，仿制药一个月不到四千块。,在发现服用数月身体指标没有出现异常后，他把这个消息发到了病友 QQ 群。,病友代购的需求蜂拥而至。常年在外贸公司工作英文水平过关的陆勇便做起了病友的仿制药代购。,直到2014年，网购了三张信用卡作为转账账号的陆勇被湖南省沅江市人民检察院以“妨害信用卡管理”和“销售假药罪”为案由起诉，消息传出后，六百多名白血病患者联名向检察机关写信请求对陆勇免予刑事处罚。,但和真实情况不符的是，为了丰满人物维度和升华故事主题，主角程勇被设定为了最初只是想靠贩药挣钱的印度神油店老板，并不是一个慢粒白血病患者，翻译英文和联络病友的工作也分别由其他两位配角来承担。,前者偏向于展现一个原本自私的局外人如何被一步步推动到漩涡中心并且最终做出善举的过程，而后者则是一个彻彻底底的局内人在自救和抗争的历程中翻新生命的故事。,从这个角度来看，《我不是药神》的故事结构和人物设定其实更像是《辩护人》、《出租车司机》甚至《辛德勒的名单》。,这些配角最初登场时一般都会带有强烈的喜剧效果，比如《出租车司机》里的柳俊烈和《我不是药神》里的吕受益，但最终往往也是他们的悲剧直接导致了主角在命运面前做出的选择。,为了呈现出病人形容枯槁的状态，在拍摄转入急病期的镜头前两天两夜没合眼的王传君，你在他的身上再也看不出那个说着蹩脚日式中文的关谷神奇的影子。,混杂世俗狠辣和赤诚天真气质于一身的农村青年黄毛，如果不说，没人知道饰演这个角色的章宇已经36岁。,剧本够硬，角色出彩，情节连贯，一部电影就成功了一半。,历数近年华语电影里的口碑佳作，多是虚构故事或是非现代背景，典型的有近几年扎堆儿出现的民国黑色喜剧片。,历数近年反应现实主题还具备一定影响力的国产剧情片，可能要数拐卖儿童为主题的《亲爱的》了。,但其实，观众对于现实题材剧情片的需求度比想象中的要高的多。这一点从《我不是药神》现象级的讨论与传播中已可见一斑。,其实在社会构成高度复杂的中国，能影像化的真实事件俯拾皆是，有的甚至单看文字就足够惊心动魄。,不论是2003年直接促成中国收容遣送制度被废除的孙志刚案，还是2007年记者假扮智障潜入黑砖窑生死逃亡后救出30名智障奴工的山西黑砖窑案，都是极其具有现实意义的新闻素材。,从这个意义上说，《我不是药神》的火爆，如果让中国电影市场看到了现实题材的巨大缺口，这部电影的意义也就不仅仅是在影像层面了。,诚如片尾程勇独白所言,，希望国产电影的影像力量，也能够有朝一日跨越视听语言的维度，映射到这真实苦难的人世间。,
",网易王三三,DM5C0MNH0001885B,"
            2018-07-08 00:01:37　",上映4天票房10亿，《我不是药神》到底好看在哪儿,http://news.163.com/18/0708/00/DM5C0MNH0001885B.html,#
"谁说只有女生才脑内小剧场无限，在特定场景下，直男的内心戏也是很足的。,有的时候外表波澜不惊，但其实他们内心却早已经惊涛骇浪一万遍了！,当他说：“切，根本不是这样的。”,（看似脸上镇定自若）,其实他在想：“妈呀这咋全都抖搂出来了！”,（实则内心慌得一批）,在深度采访了几位千年直男后，拯救君为大家整理了一些你之前可能不知道的直男内心小剧场。,我一边写一边笑喷，哈哈哈哈哈哈哈嗝。,嘴上说喜欢素颜美女的男生，内心可能是这样想的：,A 其实比起素颜，重点在美女……,B 感觉还是烈焰红唇更诱惑一些，不方便说。,不喜欢胸大的腿长的同理。,“我其实对巨乳无感的，真的。”,发朋友圈之前，会盯着自己照片看几秒，陷入沉思。,“要不加个滤镜？”,“再轻轻磨皮，一级美颜就够了。”,“要不要用贴纸把脸挡住一点啊~”,好不容易把照片发出去了。,“她为什么不给我点赞！”,“她给我点赞了，耶！”,地铁上，看见旁边两个姑娘在窃窃私语，时不时还笑两声。,或者几个男生在聊天，有个姑娘突然走过去，然后直男们的嗓门突然大了。,看见极品黑丝美腿，想舔骨折！,看见黑丝美腿，内心燥热~,看见黑丝粗腿，难以言说。,看见黑丝粗腿还抽丝，emmmm有点不忍直视……,跟女生约会吃饭，会礼貌性问能不能喝冷饮？,除了能彰显自己很体贴之外，还有更深层的意味。,谈恋爱的男生，可能一直能保持着热恋期的主动、热情和新鲜感，但内心深处却不免有一种声音在质问苍天：,“正打算玩一局游戏，这电话又打过来了，唉！”,“昨天才见过怎么今天又要见啊！”,“刚刚过完纪念日怎么又到了情人节了？那么多节好烦人啊！”,“每次约会你都迟到20分钟以上，有这时间加一块儿都够我再追一个姑娘了！”,朋友点开了某位姑娘相册，问你她好不好看。,“一般吧，我对这种姑娘没兴趣！”,但内心想法是：,她发朋友圈说想去看电影？一定是在暗示我。,她同意跟我看电影了？看来是喜欢我。,我都送她到家门口了，她怎么不邀请我上去坐坐。,洗澡时，水流冲过额头，灵光一现，是直男的每日思考时间。,“我特么真是个不世出的哲学家和歌唱家。”,洗完澡照镜子。摆pose，冷酷脸，装深沉，然后突然揉揉自己的小肚子，甚至想对着镜子自拍一张。,深夜跟姑娘聊天，她发了一句“晚安”。,晚安？？？,直男的内心智囊团开始脑内辩论：,“到底是真的困了要睡，还是不困但是不想和我聊了，还是困还想和我聊暗示我主动一些，还是不困但是怕我困想让我早点睡，又或者这是她发给我的什么暗号？”,暗号的话……等等！,晚安=wan an=我爱你 爱你,哇妈妈她爱上我了我该怎么办！",,DN65P1VA000181TI,,直男绝不会告诉你的十场内心戏_槽值,http://caozhi.news.163.com/18/0720/17/DN65P1VA000181TI.html,
"“苍蝇不叮无缝蛋，怎么不打别人偏打你？”,“念书有什么用，挣得还不是没我多。”,“难道就我一个人觉得你这件衣服很丑吗？”,……,生活中总能听到种种让人心生不悦的声音。,每次出现类似的话，都有人试图去“讲道理”。,试图去说服一个固执己见，充满戾气的人，不仅徒劳，且很可能把你变成和对方一样的人。,网上有一句流传甚广的话：永远不要和傻X争辩，他会把你的智商拉低到和他一个水平线，然后用他丰富的经验打败你。,之所以这样称呼他们，很大一部分原因就是他们面对任何事情，都要去“抬个杠”，显示独特。,一位网友谈起自己的经历有些忿忿不平：,她在钢琴曲《天空之城》的评论区留言说：“好听，电影的成功离不开配乐。”,很快，有人回复：“中国也有好的纯音乐，也有顶级的配乐大师，却得不到国人的关注，一个个都跑去吹捧国外的，外国的月亮比较圆是吧？”,她又气又无奈：“听个音乐也能被怼，杠精真是无处不在。我说一首曲子好听，就变成我不支持国产音乐，不爱国了？这是什么逻辑？”,在网络喷子肆意横行的今天，“杠精”越来越为人所熟知，他们最擅长的就是用“神逻辑”绑架别人。,但杠精逻辑并非当下时代的独有产物。,鲁迅先生曾在《论辩的魂灵》中对这类逻辑有着精妙的总结。,鲁迅故里 / 视觉中国,“你说甲生疮。甲是中国人，你就是说中国人生疮了。,既然中国人生疮，你是中国人，就是你也生疮了。,你既然也生疮，你就和甲一样。你只说甲生疮，则竟无自知之明，你的话还有什么价值？”,可见这样漏洞百出的强盗逻辑早有历史渊源，因为时代限制，知道的人比较少。,截至2017年6月，中国网民规模达7.51亿，其中手机网民占96.3%。,2018年这一数据仍在攀升。,图片来源：CNNIC中国互联网络发展状况统计调查,在庞大的人群基数背后，每一块屏幕都成了个人价值观的载体。,观念碰撞，带来的未必都是理性的声音。,白岩松在《白说》一书中写道：“理性，是目前中国舆论场上最缺乏的东西，有理性，常识就不会缺席，现在，理性还是奢侈品。,观念对立引发骂战，甚至延伸入现实，类似事件已经太多太多。,考公务员还是创业，先成家还是先立业，甚至看什么电影听什么歌……都有“杠精”们横插一脚。,科学依据敌得过“邻居家二豆说”，敌得过“朋友圈的文章说”，还是敌不过“我是过来人啊”。,2006年，政治学者Brendan Nyhan与Jason Reifler联合进行了一项实验。,他们向持不同政见的参与者出示了一份虚假政治新闻，过一阵子后再向他们出示被更正的真实新闻。,实验发现，参与实验的人们总是更倾向于相信和自己观念一致的新闻，即使已经知道那是假的，也有人在阅读真实新闻之后更加相信“假新闻”。,科学上称之为“逆火效应”。,当一个错误的信息被更正后，如果更正的信息与人原本的看法相违背，它反而会加深人们对这条（原本）错误的信息的信任。”,著名古董收藏家马未都曾在一档鉴宝综艺中受到收藏者的质疑和反对。,马未都在节目中，鉴定出一位收藏者的“传家宝赏瓶”是赝品，收藏者当场表达了反对和不满。,收藏者问他：“马老师您看过赏瓶的所有图案吗？”,马未都说：“都看过，它有规矩的，您见过五个轮子的自行车吗？”,即使马未都从赏瓶的颜色、时代、图案各个角度阐述了看法，这位收藏者仍旧表示“不服气”。,主持人出声化解尴尬：“其实我觉得收藏的乐趣也许就在于这。”,马未都耿直回应：“那不一定，对他来说不是乐趣。,当人们在所笃信的事物、观念、人身上付出过多，就会形成一种本能的信仰。,即使最后被现实揭穿，已经付出的“沉没成本”也让他们无法轻易改变，只好任由思维被圈禁在一亩三分地里动弹不得。,美国作家Julia Galef在TED演讲《为什么我们总认为自己是对的》中提到“动机性推理”。,“我们的欲望和恐惧影响着我们处理信息的方式。,一些信息、一些想法，我们会觉得就像我们的盟友，我们希望他们获胜，并不自觉地维护它们，,他们不是傻，而是懂得太少，坚持得太多。,有人吐槽一些老板：,“你跟他谈专业，他跟你讲态度。你跟他说态度，他跟你聊情怀。你跟他解释行情，他跟你哭诉历史。,价值诉求和专业水平不对等，较真就等于“自取其辱”。,理性的讨论永远建立在倾听的基础之上，没有倾听只有表达，最后也只能演变为吵架。,不要试图说服旁人，因为一些人不愿被改变，一些人你没权力去改变。,王小波曾在《沉默的大多数》中写道：,借此辩证思考一下，在“杠精”眼中，其实试图和他们讲道理的人也是“杠精”。,有人说，现在的年轻人戾气越来越重了。,这样的说法有失偏颇，说到底，“戾气”不过是证明存在感的一种手段，它存在于每个年龄段的人群中。,有初出茅庐的年轻人，急不可耐地想证明能耐；有久经世事的中年人，试图用三观洗礼整个世界……,最终活成了别人眼中的“跳梁小丑”。,马东在一次访谈中被问到：“跟90后沟通的核心是什么？”,马东 / 视觉中国,“我和90后差了快30年，30年意味着什么？意味着我们就是古代人了。时代变化这么快的情况下，新的东西我不懂，所以和90后沟通的时候我只能认怂。”,采访者要求马东给年轻人一些忠告，马东果断拒绝：,既土又老又显得烦。土、老、烦。这样的事谁干呢？”,无关年龄，尊重对立但有道理的价值观存在，保持一颗好奇心，时刻认识到自身的不足并借机成长永远是避免沦为“笑话”的关键。,在还没有能力让所有人都知道自己的存在、认同自己的观点时，最应该做的是埋头苦干。,世界变化太快，与其绞尽脑汁去说服对方，不如一笑置之。,表达清楚观点，就已经足够，何必非要用嘴去争个高低输赢。,我永远不必通过说服别人，或者让别人臣服于我的观点证明我的存在。”,想要在第一时间收到槽值文章的推送，欢迎关注我们的公众号，搜索“槽值”或者“caozhi163”就可以啦。,微博@槽值，有态度的情感吐槽，等你来撩。槽值已入驻简书专栏，下载简书app阅读更多。",,DNE46RM7000181TI,,和层次不同的人争辩，99%是自取其辱_槽值,http://caozhi.news.163.com/18/0723/19/DNE46RM7000181TI.html,
"提起“渣男渣女”，总有许多人“恨得牙痒”。,但爱情婚姻中还有一类人，他们不“渣”，却也足够让遇上的人感叹“是我瞎了眼”。,绍兴一对90后小夫妻刚刚结束了三年的婚姻。,和前夫刚认识时，两人因为相同的兴趣爱好兴奋不已，家庭条件也门当户对，很自然就走到了一起。,但是婚后不久，王静发现，过日子的家对他们而言就像宾馆。,结婚时，双方父母把婚房买在了离两家不远的地方，为了方便他们“随时回家吃饭”。,婚后第二年，两人迎来了女儿。,吃饭、洗衣服、做家务父母可以解决，但坐月子、照顾孩子，王静必须亲力亲为。,但女儿的出生，“似乎和丈夫没有任何关系”。,到后来，丈夫因为“嫌家里孩子太吵无法工作”，越来越晚回家。,换灯泡要请维修工，买了一堆育儿指南却全都扔给父母去学，从没有为孩子下过一次厨，最常吃的是外卖，在娘家一住就是大半年……,最终，丈夫在没有和自己商量一声的情况下辞了工作，两人爆发了最激烈的一次争吵。,而丈夫的解释只有一句：“我跟我爸妈说了，他们都同意。”,这段婚姻也随之走到了尽头。,不仅是因为生活没有一丝烟火气，更是因为他们谁都“不算个大人”。,有人评论说他们是“绝配”、“不该离婚去祸害其他人”。,许多人说90后是“被宠坏的一代”、“不会照顾人”……,网上有一个段子，老师问孩子，什么叫父爱如山？,孩子回答：父爱如山就是不管平时妈妈有多忙，爸爸永远坐在那里一动不动，稳如泰山。,一位35岁的外企女白领说，刚生孩子的几年里，她每天夜里都要多次起来，几乎没睡过一个完整的觉，而先生每晚都一觉到天亮。,现在孩子三岁多了，也是自己一个人带。,没有时间逛街、美容、聚会，而先生还时不时地出去踢球，和朋友小聚。,丈夫、爸爸，就像影子一样，“存在却摸不着”。,育儿类综艺《爸爸去哪儿》和《妈妈是超人》真实反映了大众对于爸爸、妈妈两种角色的期待。,而《妈妈是超人》则展现了另一番景象，妈妈们要一个人在真实的生活场景里“披荆斩棘”。,一大早起来给孩子做饭，陪孩子游戏，收拾家务，带孩子上兴趣班……多数妈妈都表现得得心应手。,但这些还远远不够，贾静雯要产后恢复身材，带孩子之余还要在老公的监督下坚持锻炼；,伊能静眼睛又肿又痒还要照顾孩子……,《奇葩说》有一期辩题是“如果是你，你会不会做单身妈妈？”,张泉灵一席话令人深思：“你们以为，有了婚姻，你就不是单身妈妈了吗？”,2015年，全国妇联儿童工作部公布了第二次全国家庭教育现状调查，结果显示，家庭教育分工以妈妈为主的家庭占43.2%，爸爸为主的家庭只有占10.8%。,难怪不少女性都说，结婚，不是多了一个丈夫，而是多了一个儿子。,某论坛上曾经有一位新娘发帖求助说：因为生活中太依赖老公，自己慢慢丧失了社交圈。,老公加班，她就会烦躁；她也讨厌自己太过“粘人”，但又不知道该怎么解决。,回帖里，网友分享了“老公依赖症”的症状。,有人要求对方的“全面包容”、“无条件满足”，有人分开一会儿就开始焦躁不安……,电视剧《我的前半生》讲述了一段在依赖式婚姻中失守的经历。,女主角罗子君前半生养尊处优，生活的重心只有丈夫，自己的一切也都仰仗丈夫。,她被丈夫宠成了“巨婴”：住豪宅、穿名牌、不用工作，日常是盯着丈夫身边的女性。,而丈夫决定结束婚姻时，她的生活也因此失衡了。,一段好的婚姻中双方即便不能“势均力敌”，至少也应该有独自生存的能力。,但荧幕之外，罗子君的扮演者马伊俐却活出了另一种人生。,丈夫的出轨没有将她打垮，因为她从来不依赖婚姻。一句“且行且珍惜”回应质疑。,这是一个女人的胸怀和强大。,童话故事里，结尾总是王子和公主走进婚姻的殿堂，从此过上了幸福的生活。,然而现实是，不懂经营的婚姻，是噩梦的开始。,电影《消失的爱人》中，一对夫妻尼克和艾米从在婚姻最初心照不宣地扮演成对方期许的样子。,但随着婚姻渐渐出现裂痕，卸下伪装的双方再也不愿迁就妥协，随之而来的是愤怒、伤害，最后耗尽激情。,因为不懂如何握手言和，婚姻成为牢笼。,如果有一方是只想着依赖的“巨婴”，或者两个人都丝毫不愿付出，那么处在这样失衡的关系中的人，只会觉得满是压力，而非幸福。,心理学家武志红在《巨婴国》一书中提到：,对他们来说，生活中只有索取没有奉献，别人的付出都是理所应当。,他们有一种“全能自恋”的心理，以自我为中心，认为自己“无所不能”，从不考虑别人的感受。,但婚姻往往意味着双方必须“共同生活”，共同承担生活中的义务和责任。,日本学者国分康孝在《婚姻心理》中说到：对于幼稚的人来说，结婚是负担。结婚要讲伦理、负责任，要有很强的实际生活能力。,独立人格是婚姻的必需品。,而成人区别于孩子的最大特点就是具有独立人格，能够独立对事情做出判断。,著有《围城》的大才子钱钟书先生可谓是“生活白痴”，与杨绛先生在一起时还不会系鞋带，不会修东西，生活全靠杨绛照顾。,但杨绛先生怀孕时，为了照顾妻子，钱钟书学会了煮饭烧菜，虽然经常弄坏东西，但是却懂得了如何照顾人。,电影《春娇与志明》里，张志明就幼稚得像一个长不大的孩子，他想要个孩子，仅仅是因为觉得小朋友可爱。,春娇说他：“每次一到了最紧张的关头，你就会抛弃所有的东西，牺牲所有的东西，满足你自己，成全你自己。”,好在最后，他终于长大了。,叶萱在《纸婚》中说：每个男人都是要通过婚姻来成长，来懂得生活到底是怎样柴米油盐、琐碎不堪；,每个女人也都要通过婚姻来成长，来懂得什么叫责任，什么叫宽容，什么叫见怪不怪……",,DM2D7A0C0001982T,,巨婴男女婚姻实录：我们相爱，就是为民除害_谈心社,http://news.163.com/18/0706/20/DM2D7A0C0001982T.html,
"有人在网上吐槽说，自从孩子开始上学，自己和孩子父亲就练就了十八般武艺，剪纸手工不在话下，奥数英语信手拈来。,郑州小升初的试卷中，有一份号称“博物院套餐”的试卷，把家长们“难哭了”。,题目涉及河南博物院的几件镇院之宝：贾湖骨笛、杜岭方鼎、云纹铜禁等。,贾湖骨笛，河南博物院藏 / 视觉中国,有一道试题是：贾湖骨笛中不同音高之间的关系很接近我国春秋时期著名的三分损益律，根据给出的相关步骤，推出“羽”的频率是“宫”的多少倍？,也有题目考到了青铜和纯锡的熔点。,看来，这届家长的文化水平，是“真的不行”。,自诩“十八般武艺”傍身，也仍然“有待提高”。,家长辅导不了孩子，这早就不是新鲜事。,一位985名牌大学毕业的理科尖子生，面对5岁孩子的小学试卷，满脸无奈：,而每一位陪孩子写作业的家长，都有一部“血泪史”。,有网友说：“周末根本不敢让孩子玩半天，否则作业做不完。有些作业辅导不了，只好上网查答案。”,如今，00后的升学考试，难度已经甩了90后几条街。,前不久，上海某小学幼升小的面试考题刷爆朋友圈。,一场面试下来，还会出现孩子考过但家长没考过的尴尬现象。,曾有记者将广州一所名校小升初的试题拿给7名暨南大学的研究生做，结果最高分只有68分，其余全不及格。,海淀某辅导班里，后排的家长们比前排的孩子们更认真。,奥数教室后方旁听、做记录的家长们 / 老金聊升学,但也有家长经过长时间尝试，选择放弃，否则自己恐怕会“命不久矣”。,最终，认识到自己“知识水平不够”，辅导不了孩子的家长们，就只有辅导班一条路可走了。,广西南宁一位家长，一年花了六万给儿子报补习班。,主持、钢琴、舞蹈、画画、英语……种类繁多，有时候每天要学到十一点多。,东南快报,为了能让孩子上好的初中，北京海淀的一位母亲，每年要在孩子的各类培训班上投入10万元，上4个培训班。,家里的车，跑了十万公里，几乎没有跑远途，基本全是送女儿跑各种培训班。,孩子也没有周末，每天早上6点起床，跑各种培训班，直到晚上9点才能结束。,虽然心疼孩子的辛苦，但也不得不这么做。,2015年，一所知名中学曾组织过一次关于早培班选拔考试，近万名小学生参加了初试。,万人选1200人进入复试，复试之后只有450人能参加面试，最终淘汰率为90％。,暑期辅导班课堂 / 视觉中国,明明是天真烂漫的童年，却充斥着残酷的竞争。,而在孩子的教育上的投入，家长们更是不惜血本。,但“天外有天，人外有人”，投入再多，也总有更好的学校、更优质的老师……站在一些家长难以企及的地方。,从这些来看，这届家长真的不行，不仅“文化水平不行”，连“拼实力也不行”。,教育之战，焦虑的从来不是孩子，而是家长。,许多家长早已为孩子规划好了暑期“兴趣班”：英语原文阅读、青少年口译、古诗文鉴赏课程，还有钢琴、篮球、数学……,有的孩子觉得“假期被毁了”。,但也有孩子认为，学感兴趣的东西其实很兴奋。,同时在两个补习班学数学的小季说：,暑期数学补习班 / 视觉中国,但也有一些家长盲目跟风，给孩子报了三岁儿童CEO气质培训班、儿童皇家马术、儿童高尔夫暑期夏令营......,“赢在起跑线上”已经不够了。,香港纪录片《没有起跑线》里，有一对父母，为了让孩子能够成功进入一所“只收10名1月份出生学生”的学校，两人掐着日子，精准计算受孕、孩子出生的时间。,家长们的焦虑似乎是国际性问题，对于孩子不能输在起跑线上有着惊人的默契。,前不久热映的印度电影《起跑线》，影片里那对费尽心思地把女儿送进名校的夫妇，正是众多中国家长的缩影 。,买学区房，天没亮去排队领入学申请、装富人又装穷人……仅仅是为了一个入学名额。,感叹“可怜天下父母心”之余，也实在为这种过度焦虑担忧。,杨绛先生的父亲杨荫杭曾在家庭中施行“有偿教育模式”，立下“悬赏”让孩子干活。,这样的方式让杨绛对钱看得很淡，也正是这样的家庭氛围，培养了杨绛淡泊名利的性格。,焦虑从来不是一件完全的坏事，可父母仍然要认识到：,为了攀比而去给孩子报班，为了让孩子一门不落而盲目地让他们学十几样“兴趣”，实在不是高明的手段。,对家长来说，教育之战，放弃是不可能放弃的。",,DLVPBPSF0001982T,,“我清华毕业，被5岁儿子的作业虐哭了”_谈心社,http://news.163.com/18/0705/19/DLVPBPSF0001982T.html,
"提起蔡康永和小S，永远都逃不过的一个词是“康熙来了”。,前不久，蔡康永和小S宣布，两人将和《康熙来了》原制作团队再度携手，打造一档新综艺――《真相吧！花花万物》。,许多粉丝期待着他们能够“重新找回《康熙》的感觉”。,一再延期后，这档新节目终于上线了。,但仅仅一期，就让不少人“失望而归”。,3.6的超低分，少有的几个好评，都是冲着蔡康永和小S这对满是情怀的“金牌搭档”。,《真相吧！花花万物》通过分析明星嘉宾的购物记录单，来探究他们的生活习惯和生活态度。,第一期来做客的明星是谢娜。,无论是蔡康永、小S，还是谢娜，都是综艺节目的“台柱”式人物，但他们也没能拯救这部综艺。,努力营造的搞笑和综艺感，也带着满屏幕的“生硬”和“用力过猛”。,尴尬的沉默和混乱的剪辑，似乎连主持人都无法引导节目走向。,2004年开播的《康熙来了》，至今在豆瓣上维持着9.2的超高分。,《康熙来了》带给了观众太多不一样的东西。,费翔被拔胸毛、周杰伦被熊抱，吴彦祖被强吻……华语圈男明星被小S轮番调戏已经不算什么。,在节目中大胆谈论“性”的话题，要求明星当场卸妆，深挖各种八卦……仿佛百无禁忌，打破常规。,作为一档面向全社会的谈话类综艺，《康熙》“什么都敢说”，选题之广，明星之众，即使是2018年的现在，也极少能够看到。,制作人詹仁雄说：虽然是一群被包装好的人，排排坐在这里，准备好一套客套的说辞，最后却不得不讲实话。,在蔡康永看来，《康熙》中聊的大部分内容，都是言不及义的，但人生中不能只有深度和文明，只要让观众开心，这种言不及义就是有意义的。,2015年10月16日，蔡康永发微博和《康熙来了》道别，他说自己“想做些改变”。,小S也表示自己将与蔡康永共进退，因为“康熙”没有康永哥就不完整了。,2016年，播了12年，超过2600集的《康熙来了》正式停播。,有人遗憾，有人祝福，也有人不敢相信。,随着播出期数的增加，《康熙来了》能够请到的新嘉宾渐渐变少，节目的颓势已经无法挽回。,制作人陈彦铭说：“我们做周杰伦，他的音乐、他变魔术、他的电影、他的好朋友们，全部都已经聊过一遍了，他来十次我也不知道要问他什么了。观众不累吗？而且我们还只有一个周杰伦，一个蔡依林。”,节目组创意枯竭，观众审美疲劳，三番四次挖掘同样的东西，不断地重复，连蔡康永和小S都已经兴致缺缺。,在《康熙来了》最后一夜中，制作组搬来了一张床，满足了两位主持人“躺着主持”的心愿。,蔡康永和小S几次泪目：“不知道习惯了看《康熙》的人，接下来可以看什么。”,两年多过去，仍然有人怀念着《康熙来了》，期待着蔡康永和小S再度携手。,不为别的，只为这两个人。,蔡康永自己曾说：“我的灵魂有点太老了，我太早就闻够了衰老的气息，我只好倒过来活。”而小S，就是那个能让他倒着活的人。,一个沉静内敛，博学多才；一个古灵精怪，大胆跳脱。,微博上有一个段子经常被翻出刷屏：女生应该和什么样的男生做朋友，举例里一定有谢娜何炅，小S蔡康永。,2009年的康熙盛典上，并不擅长唱歌的的蔡康永为小S唱《无与伦比的美丽》庆生，小S哭花了妆。,小S问蔡康永死之后想要什么，我烧给你。蔡康永说，想要一个纸扎的你。,《康熙来了》的最后一夜时，蔡康永跪在地上，帮小S穿鞋。,小S泪流满面：“我人生中唯一帮我穿过鞋的人，除了我妈之外，就是你。”,蔡康永却觉得这只是小事，理所应当。,就算我接下来的主持没办法超越《康熙来了》或是再创一个12年的奇迹，这些对我来说也不是很重要。”,离开了《康熙来了》的蔡康永和小S，依旧还有各自的事业和生活。,蔡康永把更多的时间和精力用在了写书、拍电影、做网络节目上。,小S依旧主持各种节目，偶尔拍戏，喜欢在微博发自己的素颜照和小视频。,蔡康永为小S量身定做的电影《吃吃的爱》口碑和票房都不尽如人意。,小S主持的新网综《姐姐好饿》也无法再现昔日《康熙来了》的辉煌。,虽然小S还是一如既往地放飞自我，调戏嘉宾。,但信手拈来的搞笑不见了踪影，没有了蔡康永的默契接梗，节目气氛更多的是尴尬和莫名其妙。,评论中“尴尬”也是高频词。,对比来看，让许多人觉得只有蔡康永和小S的搭档才称得上“天作之合”。,在《康熙来了》，小S是著名的“耿直”，一言不合怼嘉宾，开一些无厘头的玩笑，出其不意地爆出笑点；蔡康永是随时随地接梗，把握节目走向。,但在新综艺里，两人却似乎只剩下“力不从心”。,有人说，期待了这么久的蔡康永和小S重新合体主持，新综艺再烂都舍不得骂。,也许，《康熙来了》并不需要续集，两年多前的结束已经是一个足够完美的句号。,无论如何，“康熙”的时代，真的已经过去了。",,DMA3L81D0001982T,,小S蔡康永新综艺烂透了，我却舍不得骂_谈心社,http://news.163.com/18/0709/20/DMA3L81D0001982T.html,
"轻松一刻语音版，好听不后悔！每周二、四、六早上不见不散，期待各地广播电台加盟合作，推出原汁原味地地道道的方言版！各位易友也可以在微信上搜索“轻松一刻语音版”，关注公众号参与点歌、互动，有小编美照等你来拿哦！,@@VIDEO=""http://mobilepics.nosdn.127.net/h3rGjmJ8yQJeGlrEDG%3DIZPKAbIaeXd%3Ds%3D%3DFFI0FDA7.mp3,http://mobilepics.nosdn.127.net/h3rGjmJ8yQJeGlrEDG%3DIZPKAbIaeXd%3Ds%3D%3DFFI0FDA7.mp3""IMG=""http://img5.cache.netease.com/3g/2015/5/27/2015052717373571fa9.jpg""
 ALT=""轻松一刻语音版(7月21日)""BROADCAST=""in""SIZE=""""@@,你是哪里人？外界对你的家乡存在着哪些误解？,不出意外，各位网友的观点是出奇的一致啊！,这是一道送命题啊，为了能找到女票必须不支持。想想我当年勾搭女朋友时说的，家务都让我来做……不说了，得去刷碗了。,我婆婆也是有点朱雨辰妈妈的这种传统思想的一位婆婆，她不会在我面前说一些女人应该为家庭无私奉献，做好贤妻良母的角色，但是她会在我面前说别人家的儿媳妇如何贤惠，我就附和着。幸好不住一起，来往也不多，我两在家我做饭老公洗碗，周末休息一起做家务这不挺好的嘛，家庭是需要夫妻两人共同经营，自然有家务共同分担，现如今哪里会有一个母亲愿意把自己的女儿嫁到一个给人当保姆的家庭去，就算家里有金矿也不能嫁！,要求女人是贤妻良母这个没错，贤妻良母也是每个妻子应该做的，但是不应该有自我？不支持这个观点，都21世纪了，现代社会，男女平等，谁没有自我呢，你儿子要娶的是个媳妇，是个能在一起过日子的人，不是个佣人。还有，为家庭的无私奉献难道不是家庭中每个成员应尽的吗？要是我以后的女儿，我肯定不会让她嫁进有一个这样的妈的家庭里，我相信，每个父母都希望自己的女儿嫁了之后会幸福，而不是嫁过去当佣人
。,主持人你好，我又又又来留言了，最烦心事儿有点多，就想找个地方吐槽一下，
不知道你能不能看到，中考成绩出来了，我发挥有些失常，虽然进了重点学校实验班，但是只超出实验班分数线一分，也就是全班倒数第二了。对比于普通班的学生来说当然是好很多，父母也希望我去这个学校，通过自己努力来进步，老师却希望我去外市的一个私立学校。老师说，那里优秀生源少，所以不出名，但是师资力量好，如果我去的话，老师会很重视，也能学很好，但如果我选择市里那个重点学校，就是比较一般的学生了，老师都不会关心，我所在的初中是比较差的，所以我在那里算一个很优秀的学生了，难免会有优越感，我不知道自己去重点中学会不会因为落差太大而接受不了，可能去私立学校真的能让我被重视，但我最近看到一句话，宁做凤尾，不做鸡头，唉，真不知道怎么办才好,年轻人，你这是在秀啊，都上重点学校实验班了，还要啥自行车，不要太在意那一分两分的成绩，就算别人比你高100分，你们不也是坐在一个教室学习么？起跑线是一样的，还不一定谁最后先到终点呢，有点自信！ 另外过来人跟你说一句，学习这个东西，别人重视你是次要的，主观努力才是最主要的，我看你这孩子也挺懂事，自己心里明白该做什么，就够了。,你好，主编，我是一名现役的军人，听轻松一刻是已经一年多了，训练之余在中午和晚上休息的时候，听一下《轻松一刻》成了我一天中最幸福的日子。听轻松一刻是我老婆推荐给我的，我和她聚少离多，轻松一刻成了我们彼此想念对方的一个很好的平台，我想给我老婆和全国的军嫂们点一首歌，陈奕迅的《好久不见》军嫂确实不容易，她们太累太辛苦，就像我老婆，成天一个人又上班又照顾家人，房子装修等等都是她一个人在跑，虽然有时候也在抱怨，但还是一如既往的坚持着我的工作，照顾着我感受，让我无忧无虑的在部队贡献，我想说一句，老婆，你辛苦了，我爱你，也祝全国的军嫂们幸福。,
,@@VIDEO=""http://mobilepics.nosdn.127.net/p7ZgDlJdJwaSs4qo8dLmilHg8vlshF%3DT%3D%3DFFI1464O.mp3,http://mobilepics.nosdn.127.net/p7ZgDlJdJwaSs4qo8dLmilHg8vlshF%3DT%3D%3DFFI1464O.mp3""IMG=""http://img1.cache.netease.com/3g/2014/2/19/20140219201219227e0.jpg""
 ALT=""好久不见"" BROADCAST=""in""SIZE=""""@@,有电台主播想用当地原汁原味的方言播《轻松一刻》，并在网易和地方电台同步播出吗？请联系每日轻松一刻工作室，将您的简介和录音小样发送至ilovequyi@163.com",轻松一刻工作室,DN7J7H55000181BR,"
            2018-07-21 07:01:51　","轻松一刻语音版:东北又被黑了,小偷认为东北穷！",http://news.163.com/18/0721/07/DN7J7H55000181BR.html,#
"轻松一刻语音版，好听不后悔！每周二、四、六早上不见不散，期待各地广播电台加盟合作，推出原汁原味地地道道的方言版！各位易友也可以在微信上搜索“轻松一刻语音版”，关注公众号参与点歌、互动，有小编美照等你来拿哦！,@@VIDEO=""http://mobilepics.nosdn.127.net/KPYMe2t%3Dnb32eN8Be31jU0bfnzbzM0z4%3D%3DFFDFFE5O.mp3,http://mobilepics.nosdn.127.net/KPYMe2t%3Dnb32eN8Be31jU0bfnzbzM0z4%3D%3DFFDFFE5O.mp3""IMG=""http://img5.cache.netease.com/3g/2015/5/27/2015052717373571fa9.jpg"" ALT=""轻松一刻语音版(7月19日)""BROADCAST=""in""SIZE=""""@@,@@VIDEO=""http://mobilepics.nosdn.127.net/yXJhsMfh%3D8o%3DczyGrpaYYBrTQnDbfulK%3D%3DFFDFGEQ8.mp3,http://mobilepics.nosdn.127.net/yXJhsMfh%3D8o%3DczyGrpaYYBrTQnDbfulK%3D%3DFFDFGEQ8.mp3""IMG=""http://img4.cache.netease.com/3g/2015/5/27/20150527174835a8511.jpg"" ALT=""轻松一刻四川话版(7月19日)"" BROADCAST=""in""SIZE=""""@@,朱雨辰的妈妈要求女人就该是贤妻良母，不应该有自我，要无私为家里奉献。,你支持这种观点吗？你会让自己的女儿嫁进这样的家庭吗？,关于婆媳之间的那点事，来吐槽吧！！,支持……才怪，我干一天活挣一天钱，四天我喝西北风啊。,双休都没彻底落实，还想要三休！步子能不能不扯这么大。,我去年结婚，现在打算要孩子，可我俩算了算还没能养家糊口的收入，想想要孩子得租一套两居，孩子上学天价学费，可能得在老家县城买个学区房，要不孩子上学都是问题。孩子上学后，是回老家还是不回老家？回老家是多久一次？回去少了感觉对不起孩子，回去多了工资能到手多少？现在媳妇只能先考证书，每天下班后学习，周末去图书馆学习，只能等她今年10月考试通过后再考虑要孩子，觉得现在在外打拼的太不容易了，生活压力太大，别说生病了，请假都舍不得。,IP显示，这是一位在北京生活的易友。这两天北京的大雨，让我对北漂有着更形象的感悟。成年人的世界里，哪里有“容易”两个字。,北漂从来都不是容易的，生活从来都不是容易的，至于养孩子，更是不容易的。但生活，很多时候，不是为了胜利，而在于坚持、挺住，恍惚间，到达了幸福的彼岸。,和一位小姐妹是同事，后来小姐妹认识了一个已婚大款在一起了。小姐妹就不上班天天吃香的喝辣的。这也没什么，重点是她做什么都要和我说，不管是大叔带她买衣服还是大叔来找她睡觉都要和我说。我每天上班已经很忙了，一打开手机就是几十条未读信息，这种感觉……要是一直不回消息，就会接到她的夺命连环call，一直打到你接电话为止。我知道她很闲，但是我很忙啊，求主持人告诉我怎么才能让她主动远离我，拉黑实在不忍心……,如何让一个人迅速远离你，经过我十几年的反复论证，只有这招最好用了，找她借钱！我保证，第二天你再也不会接到她的任何信息。,今天是我最亲爱的姑娘的生日，宝贝，对不起，因为工作不能陪在你身边，但我的心已经飞奔向你。祝你生日快乐，以后的每个生日，我发誓，我都会陪你度过，我的生活不能没有你。主持人，我想点一首莫文蔚的《如果没有你》，送给我心爱的姑娘。,
,@@VIDEO=""http://mobilepics.nosdn.127.net/rWD03ZjHur7YSFFR3M%3DOzahTKMyqTT3e%3D%3DFFDFNTSO.mp3,http://mobilepics.nosdn.127.net/rWD03ZjHur7YSFFR3M%3DOzahTKMyqTT3e%3D%3DFFDFNTSO.mp3""IMG=""http://img1.cache.netease.com/3g/2014/2/19/20140219201219227e0.jpg"" ALT=""如果没有你"" BROADCAST=""in""SIZE=""""@@,有电台主播想用当地原汁原味的方言播《轻松一刻》，并在网易和地方电台同步播出吗？请联系每日轻松一刻工作室，将您的简介和录音小样发送至ilovequyi@163.com",轻松一刻工作室,DN2EOR1H000181BR,"
            2018-07-19 07:07:43　",轻松一刻语音版：这种婆婆，家里有矿也不能嫁！,http://news.163.com/18/0719/07/DN2EOR1H000181BR.html,#
"最近，大家都在讨论《我不是药神》。,有关电影所引发的各种讨论，有关进口药、仿制药等等的讨论早就刷了屏。,但其实，这一部可以说是近20年来最高分的国产电影（豆瓣评分9.0），所隐藏的内涵，并不止是药品制度这么简单。,整个电影故事发展的过程中，不知道大家有否注意到一个细节：病人对主角程勇的态度，尤其值得回味。,简单来说，程勇贩药总共经历了3个阶段：,01-程勇为了父亲的医药费和儿子的监护权，不得不开始走私印度仿制的抗癌药，回国后以十倍的价格卖出。此时的程勇贩药，纯粹是为了挣钱。,02-但嗅到危险气息后，他决定洗手不干了，因为他上有老下有小，不能坐牢。,03-后来亲眼见到因为缺药，病情恶化而死的朋友时，他又决定以成本价代购药品，并以低于成本价出售，不计利益，不顾风险，直到最后入狱。,相对来说，病人们对待程勇也有三次不同的态度转变：,01-程勇为了赚钱贩药时，大家都很有干劲，真诚相待，还称他为“勇哥”，因为他是病人活下去的希望；,02-后来因害怕被抓，程勇选择散伙，病人们又对他重新关闭了心房，冷漠以待，因为他们的希望又没了；,03-看到朋友病死后，程勇决定重新以成本价卖药，这次大家又重新接受并尊敬他，十里长街相送。,值得一提的是，程勇出狱时，只有曾经看他不顺眼的小舅子来接他出狱，而那些曾经接受过程勇或多或少帮助的人，却一个未见到。,说实话，看到最后，我有一些心酸。,有人说，真正接程勇出狱镜头，应该是这样的。,不知道这三种行为-态度的变化，是电影的刻意安排还是只是神来之笔，但相信明眼人也都能看出点眉目。,唯一的解释是：因为长期受到病魔折磨，病人们对现实与人性的理解已经产生了一定程度的“异化”。,在那些病人的眼里，程勇更像“一瓶药”，甚至是”一个工具“，唯独不是一个活生生的人。,似乎也没有多少人考虑到，程勇也有父亲和儿子要养，他也还年轻，不能栽到监狱里，而病人只怨恨他为什么不再去代购药品；,在吕受益因没钱买药而自杀时，我们都可以真实地感受到他的妻子和其他病人对程勇的恨，就连他自己也责怪自己，但这又明明不是他的错。,后来，他为了病人们入狱、倾家荡产、送走儿子，出狱时，也只有小舅子来迎接他。,是啊，,当人们不再需要他，他的出狱也就变得十分寂静了，静得有些悲哀。,事实上，电影不知不觉就把程勇的形象“物化”了，他成为了一个可以无限使用、不知疲倦的“代购工具”，一旦停工，就会被怨恨；一旦被取代，就会被遗忘。,有人会说，程勇卖药不是想要获得报酬，只是为了自己的良心，所以不该纠结于这些细节。,但我想说的是，我们不能因为对方不在意，就真的肆意挥霍别人的善意。对于被帮助的一方来说，所有的善意都必须牢记于心，以期未来能有所回报。,因为，这是我们作为一个人的自觉。,但是，上述这个对良心、做人品德的要求，在一个面对绝症而将死之人面前，是如此的苍白无力。,是的，我们可以拿着道德大棒去批评那些病人冷漠无情，忘恩负义，可你忍心吗？,一个人生病不止会让他的身体机能变坏，而长期疾病激发人的求生欲望后，更会慢慢摧毁了病人与他身边的人的耐心与意志。,这就是为什么病人们对待程勇时，会变得如此“冷冰冰”的原因。,还记得程勇在“黄毛”死的时候说的那句话：“他只是为了活着，有什么罪？”,这句话的另一个更深层的意义就是，尽管这些病人们个个都很冷漠，但夺取他们人性的并不是别的，正是那可怕的病魔，所以这根本不是他们的错。,程勇早就原谅他们了。,这种“升米恩，斗米仇”的分析听上去似乎很残酷、很刻薄。,但仔细想想，这确实是电影想要告诉我们的另一个道理：,一个人生病，很多人生病，最后变成了整个社会也生病，这就是很多悲剧的发展过程。,程勇起初一直觉得，这是你们生病，我没有病（至少这一刻没病），这就与我无关，你们的事你们去想。,这也是当前很多旁观者的态度，,但电影给了这些人一记当头棒喝。,程勇在吕受益的丧礼出来后，被戴着口罩的病人们怒目而视，起初他百思不得其解，我明明没有做错什么，他们为什么会这样对我。,后来，他想通了，,于是，程勇决定重新救助他们，因为他知道，他救的不止是那些病人，而是救了整个社会的人性与道德（后来他决定把援助量扩大到外省，也是部分基于这个缘故）。,说到这里，电影其实是在呼吁更多的人去关注与帮助社会上各种病人的处境，因为，他们的处境是与我们息息相关的，他们也是社会的一分子。,而当他们的人性与道德被病魔摧残时，也会对其他人乃至整个社会造成深远的影响。,生病从来都不只是一个人的事，你同意吗？,
,
,
,
,
",曲湿湿,DMLR8CNJ000181BT,"
            2018-07-14 09:35:48　","《我不是药神》隐藏最深的人性博弈,你看出来了吗",http://news.163.com/18/0714/09/DMLR8CNJ000181BT.html,#
"
,美国7月6日开始对340亿美元中国产品加征25%的关税。美国违反世贸规则，发动了迄今为止经济史上规模最大的贸易战。这种征税行为是典型的贸易霸凌主义，正在严重危害全球产业链和价值链安全，阻碍全球经济复苏步伐，引发全球市场动荡，还将波及全球更多无辜的跨国公司、一般企业和普通消费者，不但无助、还将有损于美国企业和人民利益。,中方承诺不打第一枪，但为了捍卫国家核心利益和人民群众利益，不得不被迫作出必要反击。我们将及时向世贸组织通报相关情况，并与世界各国一道，共同维护自由贸易和多边体制。同时，中方再度重申，我们将坚定不移深化改革、扩大开放，保护企业家精神，强化产权保护，为世界各国在华企业创造良好营商环境。我们将持续评估有关企业所受影响，并将努力采取有效措施帮助企业。",央视新闻移动网,DM1GJV1B0001899N,"
            2018-07-06 12:05:04　",美国开始对340亿美元中国产品征税 商务部回应,http://news.163.com/18/0706/12/DM1GJV1B0001899N.html,#
"00后CEO融资过百万，第一批00后成年，00后“小戏骨”演技实力吊打当红花旦，00后高考首秀……,最近看各大媒体报道中，关于00后的新闻层出不穷，00后已然成了一股不容忽视的力量。,仔细一想，当初90后也是这样在称赞与批评中被推上历史舞台的，而现在，90后已经开始遭遇中年危机了，一边泡脚一边抱着保温杯，还要担心自己脱不脱发。,反观00后，个个都是天之骄子的模样，不得不说年轻真好啊！,
,
,
,
,
,刚在动乱后出生的70后，是稳步向前，追逐梦想的一代,80后是第一代独生子女，可以说是彰显个性的开端；,90后，则更加活跃于表达自我与个性；,00后：？？？,00后的一个重要特点，就是他们大多是80后第一代独生子女的独生子女，也就是现在人们常说的“独二代”。,而有趣的是，随着二孩政策的放开，,
,对于这个刚登上历史舞台的群体，有一种主流的看法是：他们“娇生惯养”，难成大器。,首先，,
,最主要的原因是：作为独二代的00后，可以不用像80后90后那样和兄弟姐妹瓜分父母的爱，同时由于父母也是独生子女，连同辈的堂表兄妹都少了一大半。。。,这种集万千宠爱于一身的家庭氛围，自然免不了大家常说的一句话：“00后都是被宠大的”。,除了资源竞争上的优势，“独二代”的家长，也就是“独一代”们，对独生子女的成长教育都有了比较系统和理性的方案。从以下几个方面可以看出来：,00后孩子的家长相对都比较开明，除了能够尽可能给孩子提供较为优越的生活外，也更加注重培养孩子的各种兴趣爱好，也更乐于带孩子出行旅游，拓展视野，更加懂得包容和平等，管理方面更倾向于民主。,从这个图中可以看到，压岁钱给了父母就一去无回的情况，在00后当中其实并不多见。,在素质教育的空前提升下，00后确实出现了“素质井喷”的现象。,早前，四川绵阳一位老人带孙子横穿马路时，老人不顾红灯往前通过，这时，被牵着手的男孩发现人行道亮起红灯，就强行拽着老人往后退至人行横道起点，等绿灯亮起时，两人才通过路口。,在这个新闻里，一老一嫩对待规则的态度，可以说是相当的典型了。,有人甚至因此作出了这样乐观的评论：,
,然而，00后全面超越我们的，不止是在行为素质上。,
,
,
,
,另一个对当前00后成长最大的影响因素，就是互联网，特别是移动互联网。,如果说90后还是从PC端时代逐渐过渡到移动时代，00后生来便是移动互联网时代，家长们也都乐于主动为他们购买智能手机。,
,
,
,
,智能手机的方便性，使得00后在课业完成后极为有限的时间里，也能够高度与互联网进行贴近。（以往，上网一定要用电脑，很多电脑开个机打开个网页就半小时了。。。）,这就不奇怪，为什么多数00后的话题，都与互联网密切相关。,00后少女“木汁”，因参加《奇葩大会》而走红，理由是她在节目中说自己光靠写公众号软文月收入就高达10万，还可以给自己的妈妈开工资。,什么？！我们这群成年人大多数还在拿死工资，人家00后已经早早得实现了财务自由！,木汁不是大众欣赏的乖乖女形象，成绩不好的她在校园里格格不入，所以较早地进入了社会，当过主播，做过微商，混过cos圈……收入最低的时候一个月才30块钱不到。后来得知公众号门槛低便做起了公众号，没想到很快出了爆文，木汁开始在公众号上接广告，完成了人生的转折。,就如同木汁说的：“现在火什么，我就做什么。以前流行papi酱短视频，那我也录小视频；现在的人当主播也很流行，那我也去开一个直播间，反正就是跟着做嘛。能够抓住时代的热点，才能够跟上时代的步伐。”,00后相对于上两代人，更认同网络的文化，好处就是他们确实变得更懂得感知社会大众的热度，很多人总说：,反映了00后在紧跟时代的能力上是领先的。,但是，紧跟潮流的另一个反面，就是会让人变得浮躁，缺乏安静下来思考的机会。,在撒贝宁主持的《放学别走》节目中，一个叫喻言的16岁女孩自称“诺亚大陆”公司的联合创始人，她在节目中，对“无所事事只会打游戏”的成年人进行了一番吐槽，对自己的致富道路显得骄傲无比，这番言论一度引起极大范围的讨论。,用一段时髦的流行话来形容：这个小女孩真的太“社会”了，活脱脱的“社会人”！,这种过早地接触社会流行文化，成为“社会人”的代价，便是价值观可能受到腐蚀，从“喻言”这番话来看，,
,但是，这还真的不止是这位00后CEO的个人理解。。。,记得上个月有一个火遍全网络的视频：《杭州小学生演讲：我的梦想就是发财》（目前该视频因“种种原因”已被下架），里面那位小学生称：“我的梦想就是发财！”、“我不像前几个人说的那么伟大，发财了要去捐款。”、“好不容易发了一笔财，给别人发？不太实际吧！”,很滑稽的一点是，在这视频出来后，,
,成年人教小孩天真，小孩来劝成年人要成熟，这何其讽刺！,最让成年人感到惊讶的是，独二代00后是生活最富足的一代，可是他们也比过去的我们更现实，更懂得社会竞争的残酷性。,似乎我们以前在一穷二白时，虽然吃未饱穿未暖，但相对艰苦的环境并未有消磨我们童年的天真。,我们总是说“穷人的孩子早当家”，但对比起现在吃饱穿暖的00后们所表现的“现实”与“社会”，以前“早当家”的孩子在他们面前，还是略显天真了点。,00后的孩子们似乎也提前感觉得到，自己由于是独二代，他们能够在家族内部独得的同辈支持是最少的，因此他们才会更早地投入社会，广交朋友，拒绝平庸并不断努力自我提升。,
,
,
,
,00后的“现实”与“社会”是可以理解的。,但回顾过去几十年人类社会的发展进步，更多的是得益于新一代人，敢于说出和做出与当时人完全不同的想法、价值观与事业。,50后的乔布斯创立苹果时的饱受质疑；60后的马云当年创业时，几乎全国人民都在怀疑他对于“网络购物”的想法；80后的扎克伯格跳出框框缀学创业。。。,那些由新一代人提出的超前的不切实际想法，才是整个社会往前进步的动力。,所以，我们担心的并不是00后提出了一些让我们看不懂的想法，反而我们最忧心忡忡的，是他们太过于懂得去适应我们这个时代，从而屡屡说出一些十分“懂事”的言论。,
,德国哲学家尼采在《历史学的利与弊》里说：,“如果你们想读传记，就不要想读那些带有‘某某先生与他的时代’的口头禅的传记，而要读封面上必须写着‘一个反对自己时代的战士’的传记。”,
,
,
,
,
,
,
",曲湿湿,DN38C746000181BT,"
            2018-07-19 14:35:13　",00后除了会早恋，会逼疯我们，还会做什么？,http://news.163.com/18/0719/14/DN38C746000181BT.html,#
"
                    （原标题：新华社评论员：美国践踏世贸规则不得人心）
                ,
	,
	,
						,
						,
					,美方公然违反世贸规则，采取最大规模单边贸易限制措施。这种不义之举，遭到国际社会普遍反对。面对美国悍然发出的第一枪，为了维护国家和人民利益，中国被迫作出反击，并在世贸组织就美国对华301调查项下正式实施的征税措施追加起诉。,美方以加速升级的方式公布征税清单，是完全不可接受的，我们对此表示严正抗议。美方的行为正在伤害中国，伤害全世界，也正在伤害其自身，这种失去理性的行为是不得人心的。中方对美方的行为感到震惊，为了维护国家核心利益和人民根本利益，中国政府将一如既往，不得不作出必要反制。",新华视点,DMEHU63A0001875N,"
            2018-07-11 13:38:16　",新华社评美拟对华2000亿美元产品征税:不得人心!,http://news.163.com/18/0711/13/DMEHU63A0001875N.html,#
"
                    （原标题：商务部新闻发言人就美方公布拟对我2000亿美元输美产品加征关税清单发表谈话）
                ,美方以加速升级的方式公布征税清单，是完全不可接受的，我们对此表示严正抗议。美方的行为正在伤害中国，伤害全世界，也正在伤害其自身，这种失去理性的行为是不得人心的。,中方对美方的行为感到震惊，为了维护国家核心利益和人民根本利益，中国政府将一如既往，不得不作出必要反制。与此同时，我们呼吁国际社会共同努力，共同维护自由贸易规则和多边贸易体制，共同反对贸易霸凌主义。与此同时，我们将立即就美方的单边主义行为向世界贸易组织追加起诉。,
,清华大学金融与发展研究中心主任马骏11日接受新华社记者采访时表示，“美方昨晚公布了对2000亿美元中国输美产品征收10%关税的建议产品清单，征求公众意见。这个征求意见的过程将持续两个月左右时间，8月30日完成流程。此后，美方才可能采取行动。最后是否征税、对哪些产品征收，在未来两个月的时间内还有各种不确定性。”",商务部,DMEDKB1H0001899N,"
            2018-07-11 12:22:59　",美国拟对2000亿美元中国产品征税 商务部回应,http://news.163.com/18/0711/12/DMEDKB1H0001899N.html,http://www.mofcom.gov.cn/article/ae/ag/201807/20180702764848.shtml
"【马骏：美方对华2000亿美元产品征税计划仍有各种不确定性，我方将采取相应措施减少负面影响】清华大学金融与发展研究中心主任马骏11日接受新华社记者采访时表示，“美方昨晚公布了对2000亿美元中国输美产品征收10%关税的建议产品清单，征求公众意见。这个征求意见的过程将持续两个月左右时间，8月30日完成流程。此后，美方才可能采取行动。最后是否征税、对哪些产品征收，在未来两个月的时间内还有各种不确定性。”,马骏认为，我国有关方面正在深入研究贸易战对我国相关企业和行业的影响，会考虑采取相应措施减少其负面冲击。,
,继推出500亿美元征税清单后，美方又威胁将制定2000亿美元征税清单。这种极限施压和讹诈的做法，背离双方多次磋商共识，违背市场规律，伤害中美两国人民和全世界人民利益，遭到国际社会普遍反对。面对挑战，中方将做出强有力反制，更将保持定力，坚定不移走改革开放之路。得道多助，失道寡助，极限施压和讹诈决不会得逞，合作共赢的时代潮流不可逆转！",新华视点,DME61CPG0001899N,"
            2018-07-11 10:10:18　",专家:美对华2000亿美元产品征税计划仍有不确定性,http://news.163.com/18/0711/10/DME61CPG0001899N.html,#
